artist,country
.EEhou,RU
1900-04-22 00:00:00,FR
2 Chainz,US
24kGoldn,US
"2Pac, Roger Troutman & Dr. Dre",US
30 Seconds To Mars,US
4 Non Blondes,US
442oons,GB
4t thieves,GB
50 Cent,US
50 cent & Benny Bennassi,IT
80s,US
90sFlav,US
94Proof,US
A Flock of Seagulls,GB
A$AP Rocky,FR
A.Dd+,US
A1st,FR
ABBA,SE
AC/DC,AU
AC/dB,AU
ACDC,AU
ACRAZE,US
ADAMSKI,GB
ADELE,GB
AIR (Band),FR
ALTÉGO & Ely Oaks & LAVINIA,GB
ATC,DE
Aaron Carter,US
Aaron Smith,FR
Ace of Base,SE
Action Branson,US
Action Bronson,US
Actress,GB
Adam K,CA
Aden Foyer,NO
Aerosmith,US
AfX,GB
Afrojack,NL
Afrojack & Steve Aoki,NL
Afroman,US
After The Fire,GB
Air Supply,AU
Akina Nakamori,JP
Akon,US
Al Corley,US
Al Stewart,GB
Alain Bashung,FR
Alain Souchon,FR
Alan Braxe & Fred Falke,FR
Alan Walker,NO
Alanis Morissette,CA
Alesso,SE
Alexander Rybak,BY
Alexandra Stan,RO
Alfie Templeman,GB
Alice Deejay,NL
Alizée,FR
Alkalino & Bon Entendeur,FR
All Hail the Silence and Lifelike,FR
Allure,FR
Almost Monday,US
Alpharock,NL
Alphaville,DE
AlunaGeorge and DJ Snake,FR
Ambassador,US
Amel Bent,FR
America,US
American Dad Cast,US
American Heroes,US
Amerie,FR
Amersy,NL
Amine Edge & Dance,FR
Aminé,US
Amy Macdonald,GB
Amy Winehouse,GB
AnTgry,FR
Andy Grammer,US
Angèle,FR
Animal Kingdom,GB
Animotion,US
Anita Ward,US
Anri,JP
Anri & MACROSS 82-99,JP
Anri & Night Tempo,JP
Antoine Mahe,FR
Anyma & Chris Avantgarde & Massano,DE
Aphex Twin,GB
Aqua,DK
Arcade Fire,CA
Aretha Franklin,US
Ariana Grande,US
Aritus,US
Armand Van Helden,US
Armin van Buuren,NL
Arnaud Fleurent-Didier,FR
Arnold Schoenberg,DE
AronChupa,SE
Arvo Part,EE
Asa,FR
Asaf Avidan,IL
Ashlee Simpson,US
Asia,GB
Astro,CL
Aterciopelados,CO
Augie Rios,MX
Aurora,NO
Austenyo,US
Austin Millz,US
Ava Max,US
Avenged Sevenfold,US
Avicii,SE
Avicii & Nicky Romero,NL
Avicii & Rick Astley,US
Avicii & Sebastien Drums & Cassius,FR
Avril Lavigne,CA
Awolnation,US
Axel Bauer,FR
Axelle Red & Renaud,FR
Axwell,SE
Aya Nakamura,FR
Azealia Banks,US
B.o.B,US
BB Brunes,FR
BBC Music,GB
BBMak,GB
BJ Thomas,US
BLC TV,FR
BTS,KR
Babe & Night Tempo,KR
Baby Bash x WKND,DE
Baby Queen,ZA
Baccara,ES
Backstreet Boys,US
Bad Bunny & Jhay Cortez,US
Bad Musician,US
BadBadNotGood,CA
Bada-Bing,GB
Baddiel Skinner,GB
Badfinger,GB
Bag Raiders,AU
Bakermat,NL
Bambee,NO
Bananarama,GB
Band Aid,GB
Barbara,FR
Barenaked Ladies,CA
Barney Stinson,US
Barry Blue,GB
Barry Manilow,US
Basshunter,SE
Bassnectar,US
Bastille,GB
Bay City Rollers,GB
Beach Boys,US
Beach House,US
Bealby Point,CA
Bearson & Lemaitre,NO
Beastie Boys,US
Beastie Boys & Fatboy Slim,US
BeatFreakz,NL
BeatauCue,FR
Beau-J & Furia,US
Bebe Rexha,US
Beck,US
Bee Gees,GB
Beethoven,DE
Bella Poarch,US
Belle Epoque,FR
Benjamin Belllman,FR
Benjamin Bellman,FR
Benjamin Biolay,FR
Benjamin Diamond,FR
Bennett & Bruno Coulais,FR
Benny Benassi,IT
Benny Benassi & The Biz,IT
Benson Boone,US
Berlioz,ZA
Beverlay,CA
Beyonce,US
Beyoncé,US
Beyoncé & Shakira,US
Bibi Flash,FR
"Big Ali, Bob Sinclar & Dollar Man",FR
Big Baby D.R.A.M,US
Bigflo & Oli & Julien Dorée,FR
Biggie and Viceroy Jet Life,US
Biggie vs MGMT,FR
Bill Haley,US
Bill Withers,US
Billie Eilish,US
Billy Idol,GB
Billy Joel,US
Billy Walker,US
Bingo Players,NL
Birdy Nam Nam,FR
Black (Artist),GB
Black Eyed Peas,US
Black Eyed Peas & Justin Timberlake,US
Blackguyrandy,JP
Blackpink,KR
Bleu Toucan,FR
Blink-182,US
Blondie,US
Bloodhound Gang,US
Bloody Beetroots,IT
Blue Oyster Cult,US
Blue Rain Boots,US
Blue Swede,SE
Blues Brothers,US
Blues Trottoir,FR
Blur,GB
Bob Dylan,US
Bob Marley,JM
Bob Sinclar,FR
Bob Sinclar & Gary Pine,FR
Bob Sinclar & The Sugar Hill Gang,FR
Bob sinclar & Rafaella Carra,FR
Bobby Bare,US
Bobby Bloom,US
Bobby Caldwell,US
Bon Entendeur,FR
Bon Entendeur & Crazy P,FR
Bon Entendeur & Darondo,FR
Bon Entendeur & Emma Peters,FR
Bon Entendeur & France Gal,FR
Bon Entendeur & Frederic Beigbeder,FR
Bon Entendeur & Jane Birkin,FR
Bon Entendeur & Jeanne Mas,FR
Bon Entendeur & Marie Laforêt,FR
Bon Entendeur & Moulidgi,FR
Bon Entendeur & Nino Ferrer,FR
Bon Entendeur & Pierre Niney,FR
Bon Entendeur & Syreeta,FR
Bon Entendeur & Xinobi,FR
Bon Entendeur vs Tina Charles,FR
Bon Jovi,US
Boney M.,DE
Bonga & Synapson,FR
Bonnie Tyler,GB
Bonobo,GB
Booba,FR
Boom Box,PT
Booty Full,FR
Borgore,IL
Boris Vian,FR
Boston,US
Boy George And Culture Club,GB
Boy Meets Girl,US
Boy Pablo,CL
Boys Town Gang,US
BradBroooks,US
Branbal & Home,US
Bread & Butter,JP
Breakbot,FR
Breaking Benjamin,GB
Brice De Nice,FR
Brigitte Bardot,FR
Brillion,NL
Britney Spears,US
Britney Spears & Junkie XL,NL
Britney Spears & Will.i.am,US
Brockbeats,JP
Brodinsky,FR
Bronski Beat,GB
Bruno Mars,US
Bryan Adams,CA
Bryce Vine,US
Buddy Holly,US
Buggles,GB
Bullet for My Valentine,GB
Busta Rhymes,US
Busted,GB
BØRNS,US
BØRNS & Sapientdreams,US
Bénabar,FR
C+C Music Factory,US
C2C,FR
C2C & Vitalic,FR
CASCADA,DE
CBMN,FR
COEO,DE
CTID,NO
Caesars,SE
Cali,FR
Calogero,FR
Calvin Harris,GB
Calvin Harris & Dua Lipa,GB
Calvin Harris & John Newman,GB
Camellia,JP
Camila Cabello,US
Camille,FR
Candid,CA
Cannons,US
Capital Cities,US
Caravan Palace,FR
Cardigans,SE
Carl Carlton,US
Carl Douglas,JM
Carla Bruni,FR
Cartoon Network,US
Cascada,DE
Cass Elliot,US
Cassius,FR
Cassius & Horalion,FR
Castlecomer,AU
Cavi,UA
Cazzette,SE
Cee Lo Green,GB
Cerrone,FR
Cerrone & Purple Disco Machine,FR
Ceruleancerise,CA
Cesaria Evora,SR
Cevin Fisher,US
Chamillionaire,US
Chamillionaire & Krayzie Bone,US
Chance The Rapper,US
Channel Tres,US
Chappell Roan,US
Charles Aznavour,FR
Charles Trenet,FR
Charli XCX,GB
Charlie Faron,FR
Charlie Puth,US
Charlotte Cardin,CA
Cheb Khaled,FR
Cheb Khaled feat Pitbull,DZ
Cheb Mami & Sting,FR
Chemical Brothers & Daft Punk,FR
Cher Lloyd,GB
Cherie,FR
Cherokee,FR
Cherub,US
Chet Baker,US
Chet Faker and Kaytranada,AU
Chic (Band),US
Chicago,US
Chief Keef,US
Childhood,FR
Childish Gambino,US
Children of Zeal,US
Chinese Man,FR
Chloe Lilac,US
Choices,FR
Chris Brown,US
Chris Isaak,US
Chris Manias & Daft Punk,FR
Chris Norman & Suzi Quatro,GB
Chris Webby,US
Christian Gaubert,FR
"Christina Aguilera, Lil'Kim, Mya & P!nk",US
Christophe,FR
Christophe Maé,FR
Christophe Willem,FR
Chromatics,US
Chromeo,CA
Chuck Berry,US
Chumbawamba,GB
Cigarettes After Sex,US
Cigarettes After Sex & Klesh,US
Cilla Black,GB
Cirque du Soleil,CA
Claire Laffut,FR
Claire Rosinkranz,US
Claptone,DE
Clara Luciani,FR
Claude François,FR
Claude François & Fred Falke,FR
"Claude François, Frédérique",FR
"Claude François, G. Thibault, J. Revaux & Paul Anka",FR
Claude Nougaro,FR
Clean Bandit,GB
Clean Bandit & Demi Lovato,US
Clio,FR
Cobra Starship,US
Coke Royalty,US
Colbie Caillat,US
Cold(Artist),US
Coldplay,GB
Coldplay & BTS,KR
Coldplay / Mathew Heyer,FR
Coldplay/Rogue,GB
College ft. Electric Youth,FR
Collegehumor,US
Conan Gray,US
Connie Francis,US
Cookie Dingler,FR
Coolio,US
Coolio featuring L.V.,US
Coralie Clément,FR
Corey Hart,CA
Counting Crows,US
Cour De Recré,FR
Crazy Frog,SE
Crazy Girl & Memphis,FR
Crazy Town,US
Creed,US
Creedence Clearwater Revival,US
Cro,DE
Crystal Atlantic,US
Crystal Castles,CA
Crystal Waters,US
Culture Club,GB
Cut Copy,AU
Cut Killer,FR
Cyndi Lauper,US
Cypress Hill,US
D12,US
DB Boulevard,IT
DEEJMD,GR
DIMMI,FR
DIVA FAUNE x STEPHANE,FR
"DJ Alex Man, PHURS, Andreea Flavia",RO
DJ Antoine,CH
DJ Antoine & Timati,CH
DJ BOBO,CH
DJ Earthworm,US
DJ Fresh,US
DJ Khaled feat. Rihanna,US
DJ Mehdi,FR
DJ Sammy & Yanou featuring Do,ES
DNCE,US
DVBBS & Borgeous,CA
DaJugglingFool,US
Dada Life,SE
Daddy DJ,FR
Daddy Yankee,US
Daft Punk,FR
Daft Punk & Jay Z,FR
Daft Punk & Julian Casablancas,FR
Daft Punk & Michael Jackson,FR
Daft Punk & Panda Bear,FR
Daft Punk & Paul Mund,FR
Daft Punk & Paul Williams,FR
Daft Punk & Pharrell Williams,FR
Daft Punk & Queen,FR
Daft Punk & The Weeknd,FR
Daft Punk & Todd Edwards,FR
Daft Punk (Thomas Bangalter & DJ Falcon as Together),FR
Daft Punk Vs The World,FR
Daft Punk and Dillon Francis,FR
Daft Punk and Giorgio Moroder,FR
Daft Punk vs Justice,FR
"Daft Punk, Julian Casablancas & The Voidz",FR
"Daft Punk, Pharrell Williams & Nile Rodgers",FR
Dagny,NO
Dalida,FR
Dalida y Alain Delon,FR
Damn Arms,AU
Damso,FR
Danger,FR
Dania Bartolomeo,FR
Daniel Balavoine,FR
Daniel Guichard,FR
Daniel Powter,CA
Daniele Vitale Sax,IT
Danny Brilliant,FR
Dansu,NL
Danzel,BE
Darius,FR
Darude,FI
Darude/Ville Virtanen,SE
Das Tapes,US
Dave Loggins,US
David Bowie,GB
David Bowie & Queen,GB
David Cassidy,US
David Gates,US
David Guetta,FR
David Guetta & Bebe Rhexa,FR
David Guetta & Chris Willis,FR
David Guetta & OneRepublic,FR
David Guetta & Usher,FR
David Guetta featuring JD Davis,FR
David Guetta vs Madonna,FR
David Lee Roth,US
David Tavaré,ES
Davioux and Desired,HK
Dayglow,US
Daze,FR
De Palmas,FR
De Soffer & Les Bisous,FR
Dead or Alive,GB
Deadmau5,CA
Dean Martin,US
Death From Above 1979,CA
Declan McKenna,GB
Deep Purple,GB
Degiheugi,FR
Del Amitri,GB
Delegation,GB
Demon,FR
Deorro,US
Depeche Mode,GB
Derek & The Dominos,GB
Dertay,FR
Desiigner,US
Desire,FR
Desired,RU
Desireless,FR
Destiny's Child,US
Dev,US
Devendra Banhart,US
Devin & Solange & Foxxy Cleopatra,CA
Diam's,FR
Diam's & Vitaa,FR
Diana Panton,FR
Diana Ross,US
Dickie Goodman,US
Dido,GB
Die Atzen,DE
Die Woodys,DE
Digital Underground,US
Digitalism,DE
Dillon Francis & DJ Snake,FR
Dim Zach,GR
Dimitri from Paris,FR
Dion,US
Diplo,US
Diplo and GTA,US
Dire Straits,GB
Disclosure,GB
Discobitch,FR
Disiz,FR
Disney,US
Divinyls,AU
Dizzee Rascal,GB
Dj Antoine & The Beat Shakers,CH
Dj Dark & MD Dj,RO
Dj Snake,FR
Djeko & Torres,NL
Djo,US
Dobie Gray,US
Doechii,US
Doja Cat,US
Doja Cat & The Weeknd,US
Dolly Parton,US
Dominic Pierce,FR
Don McLean,US
Don Omar,FR
Donavan,US
Donavans,FR
Donna Summer,US
Donny Electric,US
Donovan,US
Doobie Brothers,US
Doves,GB
Dr. Dre,US
Drake,CA
Drake Bell,US
Dreamboy 84,US
Dresage & Slow Shiver,US
Dropkick Murphys,US
Dschinghis Khan,DE
Dua Lipa,GB
Dua Lipa & Angele,BE
Dua Lipa & Ariana Grande & Nicki Minaj,US
Dua Lipa & BlackPink,GB
Dua Lipa & DaBaby,GB
Dua Lipa & Donald Trump,US
Dua Lipa & Silk City,GB
Dubba Jonny,US
Duck Sauce,CA
Duke Dumont,GB
Duke Ellington,US
Duran Duran,GB
Durante,US
Dusty Kid,IT
Dusty Springfield,GB
Dwig,SI
Dwntwn,US
Dynamique,BE
Dynoro & Mike Demero,CA
Début de Soiree,FR
Eagle-Eye Cherry,SE
Eagles,US
Early Eyes,US
"Earth, Wind & Fire",US
Eartha Kitt,US
East Coast,US
East Germany,DE
Ed Sheeran,US
Ed Sheeran & Passenger,GB
Eddie Johns,LR
Eddie Murphy,US
Eddie Vedder,US
Eddy Grant,GB
Eddy Mitchell,FR
Eddy de Pretto,FR
Edith Piaf,FR
Edmofo,RU
Edward Maya & Vika Jigulina,RO
Edwyn Collins,GB
Eels,US
Ehrling,SE
Eiffel 65,IT
Electric Guest,US
Electric Light Orchestra,GB
Electrixx,RU
Electronic,GB
Elektronomia,SE
Elijah Blake,US
Eliza Rose,GB
Elli Ingraham,GB
Elli et Jacno,FR
Ellie Goulding,GB
Ellie Semoun,FR
Else,FR
Elton John,GB
"Elton John, Dua Lipa and PNAU",GB
Elvis Crespo,US
Elvis Presley,US
Eminem,US
Eminem & Dr Dre,US
Eminem Vs Eurythmic,US
"Eminem, Dr. Dre & 50 Cent",US
Emma Peters,FR
Empire of the Sun,AU
Engelbert,GB
Engelbert Humperdinck,GB
Enrique Iglesias,ES
Enur,DK
Epic Rap Battles of History,US
Era,FR
Eric Carmen,US
Eric Cartman,US
Eric Prydz,SE
Erika,IT
Escort,US
Estelle,GB
Etienne de Crecy,FR
Etta James,US
Europe,SE
European,RU
Eurythmics,GB
Evergreen,FR
F.R. David,FR
F.R. David & Winda,FR
FIFTY FIFTY (피프티피프티),KR
FKJ,FR
FKJ & Tom Misch,FR
FUR,GB
Faith Hill,US
Fake Blood,GB
Fakear,FR
Falco,AT
Fall Out Boy,US
Family Guy,US
Fantompower,US
Far East Movement,US
Fatal Bazooka,FR
Fatboy Slim,GB
Fatboy Slim & Riva Starr,GB
Father,US
Faudel,FR
"Faul, Wad Ad, Pnau",FR
Fedde Le Grand,NL
Fede Klotz,AR
Feder,FR
Feirtag,NL
Felix Jaehn,DE
Fergie,US
Fetty Wap,US
Fifty Fifty,KR
Fiji Blue,US
Filous & Clementine,FR
Finger and Kadel,DE
Fireball,US
First Choice,US
Fitz and the Tantrums,US
Five for Fighting,US
Flako,US
Flamingosis,US
Flatsound,US
Fleetwood Mac,GB
Fleur East,GB
Flight Facilities,AU
Flight Facilities & Jess,AU
Flo Rida,US
Floating Points,GB
Florence & The Machine,GB
Florent Pagny,FR
Flovry & Tender Spring,NO
Flume,AU
Flume x WKND,DE
Fool's Garden,GB
Force Unknown,GB
Foreigner,GB
Forhill,US
Foster the people,US
Francci,BR
France Football Anthem,FR
France Gall,FR
Francis Cabrel,FR
Francis Cabrel & Asaf Avidan,FR
Francoise Hardy,FR
Frank Sinatra,US
Frankie Valli & The Four Seasons,US
Franz Ferdinand & Daft Punk,FR
Fred Falke & Shotgun Tom Kelly,FR
Fred again.. feat. The Blessed Madonna,GB
Freestylers,GB
Freeze Corleone 667,FR
French 79,FR
French Ball,FR
Friendly Fires,GB
Fritz Kalkbrenner,DE
Frivolous,CA
Fugees,US
Full House,US
Fun (Band),US
Future Girlfriend,PY
G-Eazy and Janis Joplin,US
"GEE LEE, Riton and Kah-Lo",NG
Gabrielle,GB
Gabrielle & Daft Punk,FR
Gael Faye,FR
Gala,IT
Galantis,SE
Garden City Movement Lola Marsh,IL
Gary Glitter,GB
Gary Jules,US
Gaullin,LT
Gavin Rossdale,GB
Gavinco,GB
Gemini Drive,GB
George Benson,US
George Brassens,FR
George Clinton Jr,US
George Ezra,GB
George Harrison,GB
George McCrae,US
George Michael,GB
George Moir,US
Georgie Fame & the Blue Flames,GB
Gesaffelstein,FR
Gesaffelstein & The Weeknd,FR
Ghost,SE
Ghost Beach,US
Ghostbusters,US
Gibson Brothers,FR
Gigamesh,US
Gigamesh & Alan Braxe,FR
Gigamesh and Michael Jackson,US
Gigi D'Agostino,IT
Gil Scott Heron & Moullinex & Bon Entendeur,FR
Gilbert Bécaud,FR
Gilbert Montagne,FR
Gilbert O'Sullivan,IE
Gin Blossoms,US
Ginger Root,US
Giorgio Moroder and Daft Punk,FR
Gipsy Kings,FR
Giulio Cercato,US
Glass Animals,GB
Global Communication,GB
Global Deejays,AT
Gloria Gaynor,US
Gnarls Barkley,US
Goldfish,ZA
Goo Goo Dolls,US
Good Charlotte,US
Goomar & GrandHuit,FR
Gorgon City,GB
Gorillaz,GB
Gorillaz & Fatoumata Diawara,GB
Got Jax,US
Gotan Project,FR
Gotye,AU
Gracie Abrams,US
Gradur ft. Heuss l'enfoirée,FR
Gramatik,SI
Grand Funk Railroad,US
Grand popo football club,FR
Grant Smilie and Walden,US
Green Day,US
Grouplove,US
Grover Washington Jr,US
Gryffin,US
Grégoire,FR
Gucci Mane,US
Guizmo,FR
Gummibär,FR
Guns N' Roses,US
Gunther & Samantha Fox,SE
Guru Josh Project,GB
Guts,FR
Gwen Stefani,US
Gym Class Heroes,US
Gym Class Heroes featuring Patrick Stump,US
Gérald de Palmas,FR
Günther,DE
HBK GANG,US
HNNY,SE
Haddaway,DE
Hadyn,AU
Hagalaz Runedance,DE
Hall & Oates,US
Hampton The Hamster,CA
Hanson,US
HardNox,US
Hardwell,NL
Hardwell & W&W,NL
Harold Faltermeyer,US
Harry Belafonte,US
Harry Chapin,US
Harry Nillson,US
Harry Nilsson,US
Harry Styles,GB
He-Man,US
Heart,US
Heizzah,FI
Hellogoodbye,US
Helmut Fritz,FR
Henri Dès,FR
Hensonn,US
Her's,GB
Hilary Duff,US
Hits Variété Pop,FR
Hocus Pocus ft. Magil Malik,FR
Hojean,US
Hoku,US
Home,US
Homi & Jarvis,GB
Honne & Tom Misch,GB
Hoobastank,US
Hoogway,BE
Hootie & The Blowfish,US
Horalion,FR
Horalion & Kraftwek,FR
Hot Chelle Rae,US
Hot Chocolate,GB
Hotel Pools,US
Hotel Pools feat. Memorex Memories,US
Housecall,US
Hovey Benjamin,US
Howard Jones,GB
Howie Day,US
Hozier,IE
Huey Lewis & The News,US
Hugh Atkin,AU
Hugues Aufray,FR
Human League,GB
Hunter,FR
Huntrix,KR
I Monster,GB
I'm Surf,NO
"I, Monster",GB
I-Cube,FR
IAn Pooley & Daft Punk,FR
INXS,AU
Iam Groupe,FR
Ice Cube,US
Icona Pop,SE
IdChief,US
Iden Kai,MX
Iggy Pop,US
Image (Band),DE
Images,FR
Imagination,GB
Imagine Dragons,US
Imanbek & BYOR,KZ
Imany,FR
Immortal Technique,US
Indeep,FR
Indila,FR
Indochine,FR
Infant Sorrow,GB
Infected Mushroom,IL
Inna,RO
Inna Modja,FR
Internet Affairs,JP
Interview,FR
Iro(Artist),GB
Iron Maiden,GB
Isabelle,BE
Isabelle Pierre,FR
Isabelle Pierre & Bon Entendeur,FR
Isley Brothers,US
Israel Kamakawiwo'ole,US
Ivan (Singer),ES
J-Five,US
J.I.D,US
JAY Z,US
JJ and DRE,US
Jack Beats,GB
Jack Garratt,GB
Jack Johnson,US
JackLNDN,GB
Jacques Brel,FR
Jacques Cardona,FR
Jacques Chirac,FR
Jacques Dutron,FR
Jaden Chase,CA
Jain,FR
James,GB
James Blunt,GB
James Blunt & Lea Paci,FR
James Brown,US
James Brown Spiderman 3,US
James Brown vs Led Zeppelin,US
James Taylor,US
Jamie Foxx,US
Jamiroquai,GB
Janet Jackson,US
Janis Joplin,US
Japanese Breakfast,US
Jason Derulo,US
Jason Derülo,US
Jason Mraz,US
Jawny,US
Jay Z,US
Jay-Z,US
Jay-Z & Linkin Park,US
Jazz Trio Loop,MX
Jean Ferrat,FR
Jean Jacques Goldman,FR
Jean Leloup,CA
Jean Schultheis,FR
Jean Tonique,FR
Jean-Jacques Goldman,FR
Jean-Louis Aubert,FR
Jean-Luc Lahaye,FR
Jean-Pierre Mader,FR
Jefferson Airplane,US
Jen(Artist),NL
Jenifer,FR
Jennie (from BlackPink),KR
Jennifer Lopez,US
Jennifer Paige,US
Jessie J,GB
Jet,AU
Jewelz and Sparks,DE
Jill Scott and Jerry Folk,NO
Jim Brickman,US
Jim Carrey,CA
Jim Croce,US
Jim Jamison,US
Jim Yosef,SE
Jimi Hendrix,US
Jimmy Buffett,US
Jishle,US
Joan Jett & The Blackhearts,US
Joan Jett and the Blackhearts,US
Joe Blow,US
Joe Cocker,GB
Joe Dassin,FR
Joel Corry x MNEK,GB
John Denver & The Muppets,US
John Frusciante,US
John Grant,US
John Mayer,US
John Newman,GB
John Sebastian,US
John Travolta,US
Johnny Cash,US
Johnny Hallyday,FR
Johnny Jane,FR
Johnny Stimson,US
Johve,DK
Jon Lajoie,CA
"Jonas Blue, Malive",BR
Jonas Brothers,US
Jordan Clarke,GB
Jordin Sparks & Chris Brown,US
Jordy Chandra,JP
Joris Delacroix,FR
Jose Feliciano,US
Josh Fudge,US
Josh Money,US
Josh tobin,US
Josiane,CA
Journey,US
Jovelli,BR
Joy Crookes,GB
Joyce Jonathan,FR
Joywave,US
JuL,FR
Juanes,ES
Julien Clerc,FR
Juliet Fox,AU
Julieta Venegas,ES
Julio Iglesias,ES
Jungle,GB
Junior,GB
Junior Senior,DK
Junior Senior & Agrume,FR
Juniore,FR
Junkie XL,NL
Junko Ohashi,JP
Junko Ohashi & Night Tempo,KR
Junko Yagami,JP
Jupiter,FR
Justice,FR
Justice & Tame Impala,FR
Justin Bieber,CA
Justin Timberlake,US
K Camp ft. 2 Chainz,US
K-Maro,FR
KAMINI,FR
KC & The Sunshine Band,US
KDD,FR
KONGOS,ZA
KRS-One,US
KT Tunstall,GB
Kaaris & Kalash Criminel,FR
Kajagoogoo,GB
Kali Uchis,CO
Kali Uchis & Benjamin Murano,CO
Kamari Carter,US
Kamini,FR
Kangoo (Serie TV),FR
Kansas,US
Kany West & Lil Pump,US
Kanye West,US
Kanye West & JAY Z,US
Kaolin,FR
Kaoma,FR
Kaoru Akimoto & Night Tempo,KR
Kartell,FR
Kasso,IT
Kat Deluna,US
Kate Bush,GB
Kate Ryan,BE
Katy Perry,US
Kavinsky,FR
Kaytranada,CA
Ke$ha,US
Keane,GB
Keedz,FR
Keen V,FR
Kelis,US
Kelly Clarkson,US
Kendji Girac,FR
Kendrick Lamar,US
Kenkfraft 400,DE
Keren Ann,FR
Kero One,US
Kevin Gates,US
Kevin Rudolf & Lil Wayne,US
Kid Cudi,US
Kid Francescoli,FR
Kid Rock,US
Kid Simius,ES
Kid Smoko,US
Kids in America,US
Kim Carnes,US
Kim Petras,DE
Kiss,US
Klangkarussell,AT
Klingande,FR
Knife Party,AU
Knightlife,GB
Koba LaD feat Niska,FR
Kool & the Gang,US
Korn,US
Kosibeats,NL
Kraftwerk,DE
Krewella,US
Kris Allen,US
Kris Kross,US
Krystal Klear,IE
Kungs,FR
Kungs & Throttle,FR
Kygo & Selena Gomez,NO
Kygo and Ellie Gooding,NO
Kygo and Syn Cole,NO
Kylie Minogue,AU
Kyo,FR
L'Algerino,FR
L'Impératrice,FR
LEEX & Mattafix,DE
LMFAO,US
LMFAO & Lil Jon,US
La Bouche,DE
La Caution,FR
La Compagnie Creole,FR
La Femme,FR
La Fouine,FR
La Plage,FR
La Roux,GB
La Rue Ketanou,FR
LaLa Land Cast,US
Labi Siffre,GB
Lady GaGa,US
Lady Gaga,US
Lamborghini,FR
Lana Del Rey,US
Lana Del Rey & Cedric Gervais,FR
Las Ketchup,ES
Last Dinosaurs,AU
Late Night Tuff Guy & Bon Entendeur,FR
Laufey,IS
Laura Branigan,US
Laurent Voulzy,FR
Laurent Wolf,FR
Laurie destal,FR
Lawrence,IT
Le Club,FR
Le Maitre,NO
Le Maitre & The Knocks,NO
Le Maitre and Jerry Folk,NO
Le Metropole Orkest,FR
Le Nonsense,IT
Le top des Tout-P'tits,FR
LeAnn Rimes,US
Led Zeppelin,GB
Lee Greenwood,US
Lee(artist),NL
Lene Marlin,NO
Lenny Kravitz,US
Leon Haywood & Bon Entendeur,FR
Leonard Cohen,CA
Les Rita Mitsouko,FR
Les Trois Accords,CA
Les Ultras-Boys,FR
Lesiem,IT
Lesley Gore,US
Less than Jake,US
Lewis Capaldi,GB
Lifelike,FR
Lighthouse Family,GB
Lil Dicky,US
Lil Nas X,US
Lil Tay,CA
Lil Wayne,US
Lil Wayne & JAY Z,US
Lil Wayne & Jay-Z,US
Lilly Wood,FR
Lily Allen,GB
Limahl,GB
Linda Scott,US
Linkin Park,US
Linkin Park & Progfather,BE
Lionel Hampton,US
"Lipps, Inc.",US
Liz Callaway,US
Loane,FR
Lola Disco,BR
Lola Marsh,IL
Loleatta Holloway,US
Lomtre,DK
Lorde & Flume,NZ
Lorie,FR
Los Adolescantes,VE
Los Del Rio,ES
Lost Frequencies & Janieck Devy,BE
Lost Frequencies & Kungs,FR
Lou Bega,DE
Lou Rawls,US
Lou Reed,US
Louis Armstrong,US
Louis La Roche,GB
Louis Prima,US
Louise Attaque,FR
Lovejoy,GB
Lowfi Ghostie,JP
Ludacris,US
Ludovico Einaudi,GB
LuigiDonatello & Home,US
Luis Fonsi & Demi Lovato,US
Luis Fonsi ft. Daddy Yankee,US
Luke & Jimmy,US
Lukrembo,KR
Luna Blue,GB
Lupe Fiasco,US
Luther Vandross,US
Luxxury,US
Lykke Li,BE
Léo Ferré,FR
M (Music Artist),GB
M Ward,US
M(Chanteur),FR
M. Pokora,FR
M.A.G.S,US
M.Pokora,FR
M83,FR
MACROSS 82-99,MX
MAGIC,CA
MC Hammer,US
MEM,FR
MGMT,US
MIKA,GB
MIdnight Runners,GB
MaM,FR
Mabel,ES
Mac Dre feat. Chuck Beez,US
Mac Tyer feat Derek Martin,FR
Mac Tyer feat Kerry James,FR
Macklemore,US
Macklemore & Ryan Lewis,US
Madcon,NO
Madeon,FR
Madison Avenue,AU
Madness,GB
Madonna,US
"Maes, Ninho",FR
Magic System,FR
Maitre Gims,FR
Major Lazer,US
Major Lazer & DJ Snake,FR
Makano,PA
Makoto Matsushita,JP
Mamas and the Papas,US
Mami Ayukawa,JP
Manau,FR
Manu Chao,FR
Marc Anthony,US
Marc Lavoine,FR
Marc Lavoine & Florent Pagny,FR
Mareux,US
Marie Laforet,FR
Marilyn Manson,US
Marina Kaye,FR
Mariya Takeuchi,JP
Mark Morrison,GB
Mark Ronson,US
Marlena Shaw,US
Maroon 5,US
Marshmello & Khalid,US
Martin Garrix,NL
Martin Garrix & DubVision & Shaun Farrugia,NL
Martin Solveig and Dragonette,FR
Martin Solveig and GTA,FR
Martin Solveig and feat Kele,FR
Marvin Gaye,NO
Masayoshi Takanaka,JP
Mase,US
Matchbox Twenty,US
Matt & Kim,US
Matt Houston,US
Mattafix,GB
Matthew Wilder,US
Mattyeux,FR
Maurice Chevalier,FR
Max Berlin,FR
Max Frost,US
Max Manie,AU
Maxime Le Forestier,FR
Maya,FR
Mc Solaar,FR
McFadden & Whitehead,US
Meiko Nakahara,JP
Mel Brooks,US
Melanie,US
Melanie Fiona,CA
Melanie Martinez,US
Mell-o,US
Memorex Memories,GB
Men Without Hats,CA
Men at Work,AU
Mere Notilde,US
Meric Again & 22 Angels,DZ
Metallica,US
Metro Boomin and The Weeknd and 21 Savage,CA
Metronomy,GB
Metronomy & Purple Disco Machine,GB
Miami Horror,AU
Michael Bublé,CA
Michael Franti & Spearhead,US
Michael Gray,GB
Michael Jackson,US
Michael Sembello,US
Michel Berger,FR
Michel Delpech,FR
Michel Legrand,FR
Michel Polnareff,FR
Michel Sardou,FR
Mickael Miro,FR
Mickey 3D,FR
Mickey Avalon,US
Micky Green,AU
Midnight Juggernauts,AU
Miel De Montagne,FR
Migos,US
Miguel Bose,ES
Miike Snow,SE
Mika,GB
Mike Candys and Evelyn,ES
Mike Newman,HU
Mike Oldfield,GB
Mike Posner,US
Mike Stud,US
Miki Matsubara,JP
Miki Matsubara & Night Tempo,JP
Miley Cyrus,US
Milky Chance,DE
Minako Yoshida,JP
Ming Tea,CA
Minnie Riperton,US
Miossec,FR
Miranda Cosgrove,US
Miranda Cosgrove featuring Drake Bell,US
Mireille Mathieu,FR
Mirwais,FR
Mister Gavin,US
Mitiko & Bon Entendeur,FR
Moby,US
Modek,US
Modern Talking,DE
Modjo,FR
Molchat Doma,RU
Molecule,FR
Mommy x Philanthrope,NL
Momoko Kikuchi,JP
Monamie,US
Mondotek,DE
Moodyman,US
Moondough,US
Moonlight,NL
Mos Def,US
Moullinex,FR
Moussier Tombola,FR
Mozart,AT
Mr Flash,FR
Mr Oizo,FR
Mr Oizo Ft Thomas Bangalter (Daft Punk),FR
Mr President,DE
Mr Probz,DE
Mr. C,US
Mr. Oizo,FR
Mr. Oizo & Marylin Manson,FR
Mr.Vtage,US
Mumford & Sons,GB
Mungo Jerry,GB
Muriel Dacq,FR
Muse,GB
My Chemical Romance,US
Mylene Farmer,FR
Myles Smith,GB
Mylo Vs Miami Sound Machine,GB
Mystery Skulls,US
"Myth Syzer (Ft. Bonnie Banane, Ichon & Muddy Monk)",FR
NFC & Bon Entendeur,FR
Naaz,NL
Naked Eyes,GB
Nancy Sinatra,US
Nanidato,JP
Napkey & Bon Entendeur,FR
Naps ft. SCH,FR
Nassau,IT
Natalie Cardone,FR
Natalie Imbruglia,AU
Natasha Bedingfield,US
Nathan Lane & Matthew Broderick,US
Naturi Naughton,US
Naxxos,FR
Nayla & Bon Entendeur,FR
Naïka,FR
Neil Diamond,US
Neil Young,CA
Nelly,US
Nelly Furtado,US
Nelly Furtado featuring Timbaland,CA
Nelward,US
Nena,DE
Neon Trees,US
Neosignal,DE
Never Dull,US
Niagara,FR
Niall Horan & Anne-Marie,GB
Nice Peter,US
Nick Jonas,US
Nick Lowe,GB
Nickelback,CA
Nickelodeon,US
Nicki Minaj,US
Nicki Minaj & Ice Spice,US
Nicky Jam,CO
Nicky Romero,NL
Nicky Youre & Dazy,US
Nicola Cruz,FR
Night Tempo,KR
Nightriders,FR
Nihonzera,JP
Nina Simone,US
Nina Sky,US
Nino Ferrer,FR
Nirvana,US
No Buses,JP
No Doubt,US
Noah Chenfeld,US
Nocti,FR
Noel Harrison,GB
Noir Desir,FR
Noir Désir,FR
Norman Greenbaum,US
Nu (band),DE
Nu (band) & The Velvet Underground,DE
Nuane (feat. Aritus),GB
Nytron & Sugar Hill,BR
O-Zone,MD
O.A.R.,US
OMC,GB
Oasis,US
Odetta,US
Odezenne,FR
Offenbach,FR
Oivia Newton John,AU
Ok Go,US
Olav Swarowsky,RU
Oliver Heldens,NL
Oliver Heldens & David Guetta & FAST BOY,FR
Olivia Ruiz,FR
Omar et Fred,FR
Omega Tribe,JP
Omer Adam ft. Arisa,IL
One Direction,GB
One T Cool T,FR
OneRepublic,US
OneRepublic & Alesso,SE
Onra,FR
Opus,AT
Orchestral Manoeuvres In the Dark,GB
OrelSan & Angele,FR
OrelSan & Damso,FR
Orishas,FR
Orson,US
Os Tincoas,BR
Otis Redding,US
Ottowan,FR
Our Samplus & Bon Entendeur,FR
Ourvais,FR
OutKast,US
Overcrest,US
Oxmo Puccino,FR
"Ozuna, RedOne & Maitre Gims",MA
Ozzy Osbourne,GB
P!nk,US
PH Electro,DE
PNAU,AU
PNL,FR
PSY (Artist),KR
Pakito,FR
Panic At the Disco,US
Panic City,US
Parade of Lights,US
Paradis,FR
Paris By Air,US
Paris Hilton,US
Parliament,US
Parov Stelar,AT
ParttyNextDoor,CA
Party Harders & The Subs,BE
Parvati Khan,IN
Pas Sages,FR
Pascal Letoublon,FR
Pass The 40,US
Patrice Rushen,US
Patrick Cowley,US
Patrick Cowley & Purple Disco Machine,DE
Patrick Hernandez,FR
Patterns,FR
Paul Anka,CA
Paul Hardcastle,GB
Paul Johnson,US
Paul Kalkbrenner,DE
Paul McCartney & Tatsuro Yamashita,JP
Paul McCartney & The Wings,GB
Paul Simon,US
Paula Abdul,US
Peach Tree Rascals,US
Pedro Santos Ft. Ananya Nabila,IN
Peggy Gou,KR
Peggy March,US
Pet Shop Boys,GB
Peter Bjorn and John,SE
Peter Cetera,US
Peter Cincotti,US
Peter Gabriel,GB
Peter Paul and Mary,US
Peter Schilling,DE
Phantoms,US
Pharrell,US
Pharrell Williams,US
Pharrell Williams / Daft Punk,FR
Phil Collins,GB
Phill Collins,GB
Phoenix,FR
Phoenix & Breakbot,FR
Pierre Henry,FR
Pierre Perret,FR
Pilot,GB
Pink Floyd,GB
Pink Floyd vs Bee Gees,GB
Pink Martini,US
"PinkPantheress, Ice Spice",GB
Pinkpantheress,GB
Piper,JP
Pitbull,US
Pitbull & Chris Brown,US
Pitbull & Osmani Garcia,US
Placebo,GB
Plain White T's,US
Plain White Ts,US
Plastic Bertrand,CA
Pleasurekraft,SE
Point Blank,CA
Polo & Pan,FR
Polo & Pan et Metronomy,FR
Polo G,US
Pomplamoose & Daft Punk,FR
Pony Pony Run Run,FR
Pony Pony Run Run & Oliver Nelson,FR
Poolside,US
Poom,FR
Pop Up!,BR
Portishead,GB
Portugal The Man,US
Post Malone,US
Power Music,DE
Pretty Lights,US
Princess Chelsea,NZ
Psg,FR
Psychemagik,GB
Public Enemy vs. Benny Benassi,IT
Public(Band),US
Purple Disco Machine,DE
Purple Disco Machine & Lorenz Rhode,DE
Purple Disco Machine & Sophie And The Giants,DE
Put Put,US
Pzk,FR
Quantic,US
Queen,GB
Queen & House of Pain & ACDC,US
R.E.M.,US
RITCHRD,US
RJD2,US
RL Grime & What So Not,US
ROSÉ & Bruno Mars,KR
RUdolph,US
Radio Killer,RO
Radiohead,GB
Rae Sremmurd,US
Raki,DE
Ram Jam,US
Rammstein,DE
Ramones,US
Randy Bachman,CA
Randy Newman,US
Rap Beats,US
Raphael,FR
Raphaël,FR
Rascal Flats,US
Ratatat,GB
Ray Charles,US
Real California Milk,MX
Rebounder,US
Red Axes,IL
Red Hot Chili Pepper,US
Red Hot Chili Pepper ( Gamper and Dadoni Remix),DE
Red Hot Chili Peppers,US
Regard,XK
Regard & Troye Sivan & Tate McRae,AU
Regrets,FR
"Rema, Selena Gomez",NG
Renan Luce,FR
Renaud,FR
René La Taupe,FR
Revenge,US
Rhett and Link,US
Ricchi e poveri - testo,IT
Richard Carter,GB
Richard Harris,IE
Richard Marx,US
Richard Sanderson,GB
Richard Wagner,DE
Richy Sheehy feat. Marc Kenny,GB
Rick Astley,GB
Ricky Martin,US
Ricky Martin ft. Maluma,US
Rihanna,BB
Rihanna & Drake,US
Riize,KR
Ringo Starr,GB
Rita Ora,GB
Riton & Kah-Lo & Empire of the Sun,NG
Riton x Nightcrawlers ft. Mufasa & Hypeman -,GB
Riton x Oliver Heldens,NL
Rob Dougan,AU
Rob Thomas,GB
Rob Zombie,US
Robbie Williams,GB
Robin Thicke,CA
Robson Jorge & Lincoln Olivetti,BR
Robyn,SE
Roch Voisine,CA
Rocketman,JP
Rockwell,US
Rod Stewart,GB
Rodrigo Amarante,BR
Roger Miller,US
Roger Sanchez,US
Rohff,FR
Rohff & Janice,FR
Rolling Stones,GB
Romeo et Juliette,FR
Rone,FR
Rose Royce,US
Rossini,IT
Roy Ayers Ubiquity,US
Roy Orbison,US
Royksopp,NO
Rucka Rucka Ali,US
Rucka Rucka Ali & DJ Not Nice,US
Rudolph,US
Ruper Holmes,GB
RÜFÜS DU SOL,AU
S. Kiyotaka & Omega Tribe,JP
S.I.R Please,US
SAINt JHN & Imanbek,KZ
SBTRKT,GB
SS501,KR
STRFKR,US
SXCREDMANE,GB
Sable,UA
Sabrina,IT
Sabrina Carpenter,US
Sacha Distel,FR
Sade,GB
Sage the Gemini,US
Saint Motel,US
Saint Pepsi,US
Saint Pepsi & MACROSS 82,MX
Saint Privat,FR
Saja Boys,KR
Sak Noel,ES
Sam Cooke,US
Sam Feldt,NL
Sam Gellaitry,US
Sam Smith,GB
Sam Smith & Kim Petras,GB
Sam and Dave,US
Santana,US
Santana & Rob Thomas,MX
Sara Bareilles,US
Sarcastic Sounds,CA
Sash!,DE
Satoshi Kon,JP
Savage,US
Savant,NO
Saweetie,US
Say When,US
Scarface,US
Scatman John,US
Schnuffel,DE
Scissor Sisters,US
Scorpions,DE
Scott McKensie,US
Sean Kingston,US
Sean Paul,GB
Seb,US
SebastiAn,FR
SebastiAn Ingrosso,SE
Seelenluft,CH
Seinabo Sey,NO
Selena Gomez,US
Semisonic,US
Senor Stereo,US
September,SE
Serge Gainsbourg,FR
Serge Gainsbourg & Brigitte Bardot,FR
Serge Gainsbourg & Jane Birkin,FR
Serge Reggiani,FR
Sergio Mendes,BR
Sergio Mendes and Ian Asher,US
Seryoga,BY
Sexion d'Assaut,FR
Sexy Pigeon,US
Shaboozey,US
Shaga,FR
Shaka Ponk,FR
Shakedown,FR
Shakira,CO
Shania Twain,CA
Shanna,FR
Sharon Brown,US
Shawn Mendes,CA
She Said Disco,FR
Shelco Garcia and Teen Wolf,US
Shelly,US
Sheryl Crow,US
Shocking Blue,NL
Shoestring,US
Showtek,NL
Shy'm,FR
Sia,AU
Siboy Feat Damso & Bénash,FR
Sick On the Bus,GB
Sidney Bechet,US
Sidney Samson,NL
Siedah Garrett,US
Silver Convention,DE
Simon and Garfunkel,US
Simone,EG
Simple Plan,CA
Sinead O Connor,IE
Sinik,FR
Sinsémilia,FR
Sivuca & Bon Entendeur,FR
Sixpence None the Richer,US
Skibblez & DeeJMD,CA
Skibblez & My NamE,CA
Skippa da Flippa,US
Skrillex,US
Skule Toyama,MX
Sky Bachi,US
Sleepy Souls,US
Smash Mouth,US
Snap!,DE
Sniper,FR
Snoop Dogg,FR
Snoop Dogg & Pharrell Williams,US
Snoop Dogg & Wiz Khalifa,US
Snow Patrol,GB
Social Justice - The musical,US
Sofi Tukker,US
Sofiane,FR
Soft Cell,GB
Soft Palace,JP
Soitchy,US
Soklak,FR
Soliterre,CA
Solomun,DE
Sombr,US
Sonia Rosa & Night Tempo,KR
Sonny & Cher,US
Sonya Spence,JM
Soolking feat Dadju,FR
Sophie B. Hawkins,US
Sophie Ellis Bextor,GB
Soprano,FR
Soso maness ft. PLK,FR
Soul Bells & MACROSS 82-99,MX
Soulitune,KR
Soulja Boy Tell 'Em,US
Souls of Mischief,US
Soulwax,BE
Sound System,US
Spandau Ballet,GB
Spencer hunt,US
Spice Girls,GB
Spin Doctors,US
Squeeze,GB
Squid Game,KR
St Lucia,ZA
Stacey Kent,FR
Stan Getz & Joao Gilberto,BR
Star Boys,FR
Stardust,FR
Starsailor,GB
Starship,US
Starsound Orchestra,SE
Static and Ben El,IL
Stealers Wheel,GB
Steely Dan,US
Stefie Shock,CA
Stefie Shock & Charles Aznavour,FR
Stephen Sanchez & Em Beihold,US
Steppenwolf,CA
Stereo MC's,GB
Stereo MCs,GB
Stereoclip,BE
Steve Aoki,US
Steve Aoki & Moxie Raia,US
Steve Miller Band,US
Steve Reich and HNNY,SE
Steve Winwood,GB
Stevie Nicks,US
Stevie Wonder,US
Sticky Fingers,AU
Stiig,EE
Sting,GB
Stromae,FR
Styx,US
Sub Focus,US
Sugar Hill,FR
Suken,FR
SunStroke Project & Olia Tira,MD
Super Audio Time,US
Superbus,FR
Superbus & Hoshi,FR
Superfunk,FR
Supermode,SE
Supertramp,GB
Supreme NTM,FR
Sure Sure,US
Surf Mesa,US
Surfaces,US
Survivor,US
Susumu Hirasawa,JP
Suzanne Vega,US
Suzy Q,US
Swedish House Mafia,SE
Swedish House Mafia & Tinie Tempah,SE
Sweetpower,BR
Swing Out Sister,GB
Swivel Hips,DE
Swum,IL
Sylvester,US
Sylvie Vartan,FR
Synapson,FR
System of a Down,US
Sza,US
T-Pain,US
T.A.T.U,RU
T.I ft Iggy Azaela,US
T.I.,US
TSR Crew,FR
TUPPERWAVE,AU
Taba Chake,IN
Tabal(Artist),FR
Tacabro,IT
Taco!,NL
Taeko Ohnuki,JP
Taio Cruz,GB
Takako Mamiya,JP
Take That,GB
Takeuchi Mariya & Night Tempo,JP
Takuya Kuroda,JP
Tal (artist),FR
Tal Bachman,CA
Talk Talk,GB
Talking Heads,US
Tame Impala,AU
Tan Dun,CN
Tanuki,JP
Tarik NuClothes,US
Tatsuro Yamashita,JP
Tatsuro Yamashita & Night Tempo,JP
Tatsuro Yamashita & Subways,JP
Taylor Swift,US
Team America,US
Technotronic,BE
Teddybears,SE
Telephone,FR
Teletoon,CA
Temporex,US
Ten Walls,LT
Tennis,US
Tensnake & Purple Disco Machine,DE
Terence Trent D'Arby,US
Terry Jacks,CA
Tessa Violet,US
Texas,GB
Tez Cadey,FR
The 5th Dimension,US
The Alan Parsons Project,GB
The All-American Rejects,US
The Animals,GB
The Archies,US
The Association,US
The Avalanches,AU
The Avener & M.I.L.K.,FR
The B-52s,US
The Bangles,US
The Baseballs,DE
The Beach Boys,US
The Beatles,GB
The Beatles & Himesh Patel,GB
The Black Eyed Peas,US
The Black Eyed Peas & Justin Timberlake,US
The Blaze,FR
The Bloody Beetroots,IT
The Booyah! Kids,US
The Bornagen Beatles,GB
The Bug,GB
The Calling,US
The Cardigans,SE
The Chainsmokers,US
The Chainsmokers & Coldplay,GB
The Champs,US
The Chemical Brothers,GB
The Chordettes,US
The Chords,US
The Clash,GB
The Click Five,US
The Coasters,US
The Contours,US
The Corrs,GB
The Cranberries,IE
The Crusaders & Synapson,FR
The Cure,GB
The Cyrkle,US
The Dandy Warhols,US
The Dead Kennedys,US
The Delfonics,US
The Detroit Experiment,US
The Devils Sway,FR
The Dinosaurs Skin,TW
The Doors,US
The Doozers,US
The Drives,US
The F16s,IN
The Feeling,GB
The Fielders vs Sammy La MArca,AU
The Foundations,GB
The Four Tops,US
The Fray,US
The Friends of Distinction,US
The Fugees and Jerry Folk,NO
The Game,US
The Garifuna Collective & Synapson,FR
The Glitch Mob,US
The Griswolds,AU
The Grouch,US
The Guess Who,CA
The Heavy,GB
The Human League,GB
The Isley Brothers,US
The J. Geils Band,US
The Jackson 5,US
The Jacksons,US
The Jimi Hendrix Experience,US
The Kaleidoscopes & The Nightswimmers,GB
The Kid Laroi & Justin Bieber,AU
The Kid Laroi & Miley Cyrus,US
The Killers,US
The King Khan & BBQ Show,CA
The King's Parade,GB
The Kinks,GB
The Knack,GB
The Lonely Island,US
The Magnetic Fields,US
The Miracles,US
The Monkees,US
The Monroes,US
The Neighbourhood,US
The Notorious B.I.G.,US
The Offspring,US
The Outcast Owl & Home,US
The Outfield,GB
The Piano Guys,US
The Pogues,IE
The Pointer Sisters,US
The Police,GB
The Presets & Lifelike,FR
The Prince Karma,TR
The Proclaimers,GB
The Procussions,US
The Prodigy,GB
The Pussycat Dolls,US
The Rapture,US
The Republic Tigers,US
The Revivalists,US
The Rolling Stones,GB
The Ronettes,US
The Rubettes,GB
The Script,IE
The Strokes,US
The Strumbellas,CA
The Superman Lovers,FR
The Supremes,US
The Sweet,GB
The Swiss,CH
The Tee Set,NL
The Telephone Hour,US
The Temptations,US
The Tokens,US
The Trammps,US
The Trashmen,US
The Turtles,US
The Vapors,GB
The Velvet Underground,US
The Verve,GB
The Verve Pipe,US
The Virgins,GB
The Wanted,GB
The Weather Girls,US
The Weeknd,CA
The Weeknd & Ariana Grande,CA
The Weeknd & Daft Punk,CA
The Whispers,US
The Whitest Boy Alive & Fred Falke,FR
The Who,GB
The Yardbirds,GB
The Zombies,GB
Theo Rouhette,FR
Therapie Taxi,FR
They Might Be Giants,US
Third Eye Blind,US
Thoma Cher & Bon Entendeur,FR
Thomas,GB
Thomas Bangalter & Dj Falcon,FR
Tiesto,NL
Tiesto & Dzeko ft. Preme & Post Malone,NL
Tiesto & KSHMR,NL
Tiesto & Ty Dolla $ign,NL
Tiga,CA
Tim Dup,FR
Timbaland,US
Tipling Rock,US
Tiron,US
Tobtok,SE
Todd Rundgren,US
Toecutter & Flight Facilities,AU
Tokio Hotel,DE
Tom Cochrane,CA
Tom Jones,US
Tom Lehrer,US
Tom Misch,GB
Tommy McCook and the Supersonics,JM
Tommy Tutone,US
Tomoko Aran,JP
Ton Song,CN
Tones and I,AU
Tong Song,CN
Tony Igy,RU
Tony Stocker,AU
Toonorth,US
Topic & Bebe Rexha,US
Toploader,GB
Toro y Moi,US
Toshiki Kadomatsu,JP
Toto,US
Touchstone,JP
Tourism,AU
Tove Lo,SE
Tove Lo & Oliver Nelson,NL
Towkio,CA
Toybox,DK
Tracy Chapman,US
Trails and Ways,US
Train,US
Trans-X,CA
Travis Scott,US
Trevor Daniel,US
Trey Songz,US
Trinidad Cardona DaVido Aisha,NG
Trois Cafés Gourmands,FR
Tryo,FR
Tseba,AU
Tube & Berger,DE
Tube and Berger,DE
Tujamo,DE
Twenty One Pilots,US
Twisted Sister,US
Two Door Cinema Club,GB
Two Door Cinema Club x WKND,US
Tyga,US
Tyla (Artist),ZA
"Tyler, The Creator",US
U2,IE
UB40,GB
Ultra Naté,US
Umberto Tozzi,IT
Unknown,US
Urge Overkill,US
Usher,US
Utah Saints,GB
V.H.,FR
VITAA,FR
Van Halen,US
Van McCoy,US
Van Morrison,GB
Van She,AU
Van She & Alan Braxe & Fred Falke,FR
Vance Joy,AU
Vanessa Carlton,US
Vanessa Paradis,FR
Vanilla Ice,US
Vanity 6,CA
Vansire,US
Vantage,JP
Various Artists,US
Vaudeville Smash,AU
Vector Graphics,US
Vegedream,FR
Vegedream & Ninho,FR
Velvet Underground,US
Venetian Princess,US
Vengaboys,NL
Veorra,US
Vianney,FR
Vicetone,NL
Victor Deme & Synapson,FR
Victor Le Masne - Topic,FR
Victoria Duffield,CA
Videoclub,FR
Village People,US
Vince Dicola,US
Visitor,AU
Visitor & Alan Braxe,FR
Vitas,RU
Voyage,BE
Voyage (band),FR
VØJ & Narvent,UA
W&W,NL
WKND,DE
Walk the Moon,US
Wallace Collection,BE
Wallows,US
Wallpaper.,US
Walter Murphy & Flight Facilities,AU
Wang Chung,GB
Watermät,FR
Watsky,US
Wax,US
Wax Audio,US
Wax Tailor,FR
Waze & Odyssey,GB
Ween,US
Weezer,US
Weezer & Weird Al Yankovic,US
Weightlessness,US
Weird Al Yankovic,US
Weird Al Yankovic & Mike Kieffer,US
Weird Al Yankovich,US
Weiss,GB
Wham!,GB
White Stripes,US
White Town,GB
Whitesnake,GB
Whitney Wolanin,US
Will Smith,US
Willie Nelson,US
Wilson Pickett,US
Wink,JP
Winnie the Pooh,US
Wisin & Yandel,US
Wiz Khalifa,US
Wolfgang Amadeus Mozart,DE
Wolfgang Gartner,US
Worakis,FR
Wulf Morpheus,US
Wynter Gordon,US
Wünsche,SE
X Ambassadors,US
Xinobi,ES
Yacht,FR
Yael Naïm,IL
Yakosei Amuse,JP
Yann Dulché and Fred Falke,FR
Yannick,FR
Yannick Noah,FR
Yeah Yeah Yeahs,CA
Years & Years & Gryffin,GB
Yeek,US
Yelle,FR
Ylvis,NO
Yolanda Be Cool & DCUP,AU
Young Jeezy,US
Young the Giant,US
Young-Holt Unlimited,US
Your Favorite Martian,US
Yung Bae,US
Yung Bae & MACROSS 82-99,MX
Yurie Kokubu,JP
Yves (artist),KR
Yves Duteil,FR
ZZ Top,US
Zager & Evans,US
Zai Kowen,AR
Zane Alexander,US
Zazie,FR
Zazie et Axel Bauer,FR
Zedd,RU
Zedd & Alessia Cara,RU
Zeeky Beats,GB
Zimmer90,DE
Zoot Woman & Le Knight Club,FR
a-ha,NO
classic.files,MX
deadmau5,CA
lobsterdust,US
nawhij,KR
the Fratellis,GB
yuugen & Brayan Rojitas,CO
憂鬱,JP
