artist_raw,primary_artist,songs,plays
"""Weird Al"" Yankovic","""Weird Al"" Yankovic",11,190
"""Weird Al"" Yankovic & Mike Kieffer","""Weird Al"" Yankovic & Mike Kieffer",1,10
.EEhou,.EEhou,3,310
113,113,1,151
2 Chainz,2 Chainz,1,8
24kGoldn,24kGoldn,1,66
"2Pac, Roger Troutman & Dr. Dre","2Pac, Roger Troutman & Dr. Dre",1,12
30 Seconds To Mars,30 Seconds To Mars,1,16
4 Non Blondes,4 Non Blondes,1,17
442oons,442oons,13,898
4t thieves,4t thieves,1,27
50 Cent,50 Cent,5,81
50 cent & Benny Bennassi,50 cent & Benny Bennassi,1,64
80s,80s,1,24
90sFlav,90sFlav,1,19
94Proof,94Proof,1,44
A Flock of Seagulls,A Flock of Seagulls,1,5
A$AP Rocky,A$AP Rocky,1,29
A.Dd+,A.Dd+,1,77
A1st,A1st,1,106
ABBA,ABBA,13,1044
AC/DC,AC/DC,1,13
AC/dB,AC/dB,2,26
ACDC,ACDC,1,31
ACRAZE,ACRAZE,1,19
ADAMSKI,ADAMSKI,1,44
ADELE,ADELE,1,19
AIR (Band),AIR (Band),11,657
ALTÉGO & Ely Oaks & LAVINIA,ALTÉGO & Ely Oaks & LAVINIA,1,96
ATC,ATC,1,73
Aaron Carter,Aaron Carter,1,15
Aaron Smith,Aaron Smith,1,85
Ace of Base,Ace of Base,2,79
Action Branson,Action Branson,1,48
Action Bronson,Action Bronson,1,59
Actress,Actress,1,9
Adam K,Adam K,1,107
Aden Foyer,Aden Foyer,1,97
Aerosmith,Aerosmith,5,124
AfX,AfX,1,15
Afrojack,Afrojack,1,44
Afrojack & Steve Aoki,Afrojack,1,17
Afroman,Afroman,1,19
After The Fire,After The Fire,1,21
Air Supply,Air Supply,1,298
Akina Nakamori,Akina Nakamori,1,57
Akon,Akon,2,106
Al Corley,Al Corley,1,41
Al Stewart,Al Stewart,1,108
Alain Bashung,Alain Bashung,3,198
Alain Souchon,Alain Souchon,7,510
Alan Braxe & Fred Falke,Alan Braxe & Fred Falke,3,319
Alan Walker,Alan Walker,1,146
Alanis Morissette,Alanis Morissette,3,164
Alesso,Alesso,1,34
Alexander Rybak,Alexander Rybak,1,38
Alexandra Stan,Alexandra Stan,1,46
Alfie Templeman,Alfie Templeman,1,77
Alice Deejay,Alice Deejay,1,65
Alizée,Alizée,2,72
Alkalino & Bon Entendeur,Alkalino & Bon Entendeur,1,81
All Hail the Silence and Lifelike,All Hail the Silence,1,277
Allure,Allure,1,37
Almost Monday,Almost Monday,1,53
Alpharock,Alpharock,1,21
Alphaville,Alphaville,2,110
AlunaGeorge and DJ Snake,AlunaGeorge,1,32
Ambassador,Ambassador,1,27
Amel Bent,Amel Bent,1,35
America,America,1,49
American Dad Cast,American Dad Cast,1,25
American Heroes,American Heroes,1,10
Amerie,Amerie,1,26
Amersy,Amersy,1,36
Amine Edge & Dance,Amine Edge & Dance,1,20
Aminé,Aminé,1,63
Amy Macdonald,Amy Macdonald,1,11
Amy Winehouse,Amy Winehouse,3,238
AnTgry,AnTgry,1,77
Andy Grammer,Andy Grammer,2,67
Angèle,Angèle,2,108
Animal Kingdom,Animal Kingdom,1,15
Animotion,Animotion,1,87
Anita Ward,Anita Ward,1,28
Anri & Night Tempo,Anri,3,497
Anri,Anri,4,307
Anri & MACROSS 82-99,Anri,1,207
Antoine Mahe,Antoine Mahe,1,22
Anyma & Chris Avantgarde & Massano,Anyma & Chris Avantgarde & Massano,1,37
Aphex Twin,Aphex Twin,1,39
Aqua,Aqua,1,21
Arcade Fire,Arcade Fire,1,75
Aretha Franklin,Aretha Franklin,1,51
Ariana Grande,Ariana Grande,5,299
Aritus,Aritus,2,76
Armand Van Helden,Armand Van Helden,1,85
Armin van Buuren,Armin van Buuren,3,323
Arnaud Fleurent-Didier,Arnaud Fleurent-Didier,1,28
Arnold Schoenberg,Arnold Schoenberg,1,4
AronChupa,AronChupa,1,58
Arvo Part,Arvo Part,1,3
Asa,Asa,1,23
Asaf Avidan,Asaf Avidan,1,85
Ashlee Simpson,Ashlee Simpson,1,21
Asia,Asia,1,15
Astro,Astro,1,19
Aterciopelados,Aterciopelados,1,37
Augie Rios,Augie Rios,1,64
Aurora,Aurora,1,23
Austenyo,Austenyo,1,52
Austin Millz,Austin Millz,1,20
Ava Max,Ava Max,3,421
Avenged Sevenfold,Avenged Sevenfold,2,45
Avicii,Avicii,6,319
Avicii & Nicky Romero,Avicii,2,105
Avicii & Rick Astley,Avicii,1,72
Avicii & Sebastien Drums & Cassius,Avicii,1,29
Avril Lavigne,Avril Lavigne,3,80
Awolnation,Awolnation,1,13
Axel Bauer,Axel Bauer,2,50
Axelle Red & Renaud,Axelle Red & Renaud,1,23
Axwell,Axwell,3,106
Aya Nakamura,Aya Nakamura,1,40
Azealia Banks,Azealia Banks,1,52
B.o.B,B.o.B,2,53
BB Brunes,BB Brunes,1,22
BBC Music,BBC Music,1,53
BBMak,BBMak,1,21
BJ Thomas,BJ Thomas,1,27
BLC TV,BLC TV,2,128
BTS,BTS,1,78
Babe & Night Tempo,Babe & Night Tempo,1,58
Baby Bash x WKND,Baby Bash,1,50
Baby Queen,Baby Queen,1,54
Baccara,Baccara,1,18
Backstreet Boys,Backstreet Boys,3,108
Bad Bunny & Jhay Cortez,Bad Bunny & Jhay Cortez,1,46
Bad Musician,Bad Musician,1,0
BadBadNotGood,BadBadNotGood,1,41
Bada-Bing,Bada-Bing,1,36
Baddiel Skinner,Baddiel Skinner,3,1589
Badfinger,Badfinger,2,175
Bag Raiders,Bag Raiders,1,69
Bakermat,Bakermat,7,272
Bambee,Bambee,1,42
Bananarama,Bananarama,2,54
Band Aid,Band Aid,1,104
Barbara,Barbara,2,157
Barenaked Ladies,Barenaked Ladies,1,39
Barney Stinson,Barney Stinson,1,16
Barry Blue,Barry Blue,1,37
Barry Manilow,Barry Manilow,1,78
Basshunter,Basshunter,2,77
Bassnectar,Bassnectar,1,9
Bastille,Bastille,1,24
Bay City Rollers,Bay City Rollers,1,49
Beach Boys,Beach Boys,9,898
Beach House,Beach House,1,73
Bealby Point,Bealby Point,1,186
Bearson & Lemaitre,Bearson & Lemaitre,1,66
Beastie Boys,Beastie Boys,1,103
Beastie Boys & Fatboy Slim,Beastie Boys,1,72
BeatFreakz,BeatFreakz,1,34
BeatauCue,BeatauCue,1,34
Beau-J & Furia,Beau-J & Furia,1,23
Bebe Rexha,Bebe Rexha,1,134
Beck,Beck,1,38
Bee Gees,Bee Gees,5,498
Beethoven,Beethoven,5,46
Bella Poarch,Bella Poarch,1,64
Belle Epoque,Belle Epoque,1,45
Benjamin Belllman,Benjamin Belllman,5,223
Benjamin Bellman,Benjamin Bellman,33,503
Benjamin Biolay,Benjamin Biolay,2,196
Benjamin Diamond,Benjamin Diamond,1,76
Bennett & Bruno Coulais,Bennett & Bruno Coulais,1,76
Benny Benassi,Benny Benassi,6,175
Benny Benassi & The Biz,Benny Benassi,3,61
Benson Boone,Benson Boone,1,12
Berlioz,Berlioz,1,16
Beverlay,Beverlay,1,26
Beyonce,Beyonce,2,12
Beyoncé & Shakira,Beyoncé,1,39
Beyoncé,Beyoncé,1,11
Bibi Flash,Bibi Flash,1,34
"Big Ali, Bob Sinclar & Dollar Man","Big Ali, Bob Sinclar & Dollar Man",1,42
Big Baby D.R.A.M,Big Baby D.R.A.M,1,42
Bigflo & Oli & Julien Dorée,Bigflo & Oli & Julien Dorée,1,124
Biggie and Viceroy Jet Life,Biggie,1,65
Biggie vs MGMT,Biggie,1,61
Bill Haley,Bill Haley,1,21
Bill Withers,Bill Withers,2,43
Billie Eilish,Billie Eilish,2,105
Billy Idol,Billy Idol,1,46
Billy Joel,Billy Joel,7,455
Billy Walker,Billy Walker,1,71
Bingo Players,Bingo Players,2,42
Birdy Nam Nam,Birdy Nam Nam,2,119
Black (Artist),Black (Artist),1,47
Black Eyed Peas,Black Eyed Peas,6,157
Black Eyed Peas & Justin Timberlake,Black Eyed Peas,1,15
Blackguyrandy,Blackguyrandy,1,114
Blackpink,Blackpink,1,21
Bleu Toucan,Bleu Toucan,1,45
Blink-182,Blink-182,1,78
Blondie,Blondie,7,518
Bloodhound Gang,Bloodhound Gang,1,40
Bloody Beetroots,Bloody Beetroots,1,50
Blue Oyster Cult,Blue Oyster Cult,4,386
Blue Rain Boots,Blue Rain Boots,1,35
Blue Swede,Blue Swede,1,55
Blues Brothers,Blues Brothers,1,47
Blues Trottoir,Blues Trottoir,1,131
Blur,Blur,3,173
Bob Dylan,Bob Dylan,3,75
Bob Marley,Bob Marley,6,99
Bob Sinclar,Bob Sinclar,1,29
Bob Sinclar & Gary Pine,Bob Sinclar,1,22
Bob Sinclar & The Sugar Hill Gang,Bob Sinclar,1,15
Bob sinclar & Rafaella Carra,Bob sinclar & Rafaella Carra,1,24
Bobby Bare,Bobby Bare,1,70
Bobby Bloom,Bobby Bloom,1,65
Bobby Caldwell,Bobby Caldwell,1,30
Bon Entendeur,Bon Entendeur,13,1464
Bon Entendeur & Pierre Niney,Bon Entendeur,1,262
Bon Entendeur & Moulidgi,Bon Entendeur,1,251
Bon Entendeur & Nino Ferrer,Bon Entendeur,1,238
Bon Entendeur vs Tina Charles,Bon Entendeur,1,234
Bon Entendeur & Xinobi,Bon Entendeur,1,144
Bon Entendeur & Syreeta,Bon Entendeur,1,128
Bon Entendeur & France Gal,Bon Entendeur,1,122
Bon Entendeur & Crazy P,Bon Entendeur,1,121
Bon Entendeur & Darondo,Bon Entendeur,1,118
Bon Entendeur & Marie Laforêt,Bon Entendeur,1,106
Bon Entendeur & Frederic Beigbeder,Bon Entendeur,1,81
Bon Entendeur & Jane Birkin,Bon Entendeur,1,73
Bon Entendeur & Emma Peters,Bon Entendeur,1,32
Bon Entendeur & Jeanne Mas,Bon Entendeur,1,13
Bon Jovi,Bon Jovi,1,25
Boney M.,Boney M.,5,326
Bonga & Synapson,Bonga & Synapson,1,38
Bonnie Tyler,Bonnie Tyler,2,67
Bonobo,Bonobo,1,17
Booba,Booba,4,146
Boom Box,Boom Box,1,17
Booty Full,Booty Full,1,5
Borgore,Borgore,4,80
Boris Vian,Boris Vian,2,42
Boston,Boston,1,65
Boy George And Culture Club,Boy George,1,9
Boy Meets Girl,Boy Meets Girl,1,64
Boy Pablo,Boy Pablo,3,234
Boys Town Gang,Boys Town Gang,1,15
BradBroooks,BradBroooks,1,73
Branbal & Home,Branbal & Home,1,30
Bread & Butter,Bread & Butter,1,18
Breakbot,Breakbot,4,101
Breaking Benjamin,Breaking Benjamin,9,142
Brice De Nice,Brice De Nice,1,54
Brigitte Bardot,Brigitte Bardot,3,152
Brillion,Brillion,1,93
Britney Spears,Britney Spears,11,265
Britney Spears & Junkie XL,Britney Spears,1,65
Britney Spears & Will.i.am,Britney Spears,1,44
Brockbeats,Brockbeats,1,26
Brodinsky,Brodinsky,1,14
Bronski Beat,Bronski Beat,1,27
Bruno Mars,Bruno Mars,3,66
Bryan Adams,Bryan Adams,1,24
Bryce Vine,Bryce Vine,1,146
Buddy Holly,Buddy Holly,1,13
Buggles,Buggles,1,36
Bullet for My Valentine,Bullet for My Valentine,3,27
Busta Rhymes,Busta Rhymes,1,28
Busted,Busted,2,57
BØRNS,BØRNS,1,31
BØRNS & Sapientdreams,BØRNS,1,31
Bénabar,Bénabar,5,212
C+C Music Factory,C+C Music Factory,1,8
C2C,C2C,2,44
C2C & Vitalic,C2C,1,30
CASCADA,CASCADA,4,177
CBMN,CBMN,1,17
COEO,COEO,1,150
CTID,CTID,1,15
Caesars,Caesars,1,12
Cali,Cali,2,66
Calogero,Calogero,6,656
Calvin Harris,Calvin Harris,9,407
Calvin Harris & John Newman,Calvin Harris,1,206
Calvin Harris & Dua Lipa,Calvin Harris,1,180
Camellia,Camellia,2,101
Camila Cabello,Camila Cabello,1,44
Camille,Camille,1,25
Candid,Candid,1,84
Cannons,Cannons,1,57
Capital Cities,Capital Cities,1,64
Caravan Palace,Caravan Palace,1,98
Cardigans,Cardigans,1,24
Carl Carlton,Carl Carlton,1,102
Carl Douglas,Carl Douglas,1,12
Carla Bruni,Carla Bruni,2,59
Carte Blanq & Maxx Power,Carte Blanq & Maxx Power,1,54
Cartoon Network,Cartoon Network,2,56
Cascada,Cascada,3,104
Cass Elliot,Cass Elliot,1,32
Cassius,Cassius,4,229
Cassius & Horalion,Cassius,1,58
Castlecomer,Castlecomer,1,13
Cavi,Cavi,1,67
Cazzette,Cazzette,1,41
Cee Lo Green,Cee Lo Green,3,69
Cerrone,Cerrone,1,183
Cerrone & Purple Disco Machine,Cerrone,1,20
Ceruleancerise,Ceruleancerise,1,85
Cesaria Evora,Cesaria Evora,1,17
Cevin Fisher,Cevin Fisher,1,147
Chamillionaire & Krayzie Bone,Chamillionaire,1,27
Chamillionaire,Chamillionaire,2,18
Chance The Rapper,Chance The Rapper,2,61
Channel Tres,Channel Tres,1,39
Chappell Roan,Chappell Roan,2,46
Charles Aznavour,Charles Aznavour,10,1002
Charles Trenet,Charles Trenet,2,119
Charli XCX,Charli XCX,1,45
Charlie Faron,Charlie Faron,1,65
Charlie Puth,Charlie Puth,1,128
Charlotte Cardin,Charlotte Cardin,1,73
Cheb Khaled feat Pitbull,Cheb Khaled,1,193
Cheb Khaled,Cheb Khaled,2,177
Cheb Mami & Sting,Cheb Mami & Sting,1,43
Chemical Brothers & Daft Punk,Chemical Brothers & Daft Punk,1,29
Cher Lloyd,Cher Lloyd,1,36
Cherie,Cherie,1,66
Cherokee,Cherokee,4,106
Cherub,Cherub,1,23
Chet Baker,Chet Baker,1,5
Chet Faker and Kaytranada,Chet Faker,1,16
Chic (Band),Chic (Band),2,21
Chicago,Chicago,20,3150
Chief Keef,Chief Keef,1,6
Childhood,Childhood,1,334
Childish Gambino,Childish Gambino,2,110
Children of Zeal,Children of Zeal,1,32
Chinese Man,Chinese Man,1,14
Chloe Lilac,Chloe Lilac,1,44
Choices,Choices,1,90
Chris Brown,Chris Brown,4,87
Chris Isaak,Chris Isaak,2,66
Chris Manias & Daft Punk,Chris Manias & Daft Punk,1,41
Chris Norman & Suzi Quatro,Chris Norman & Suzi Quatro,1,23
Chris Webby,Chris Webby,4,97
Christian Gaubert,Christian Gaubert,1,48
"Christina Aguilera, Lil'Kim, Mya & P!nk","Christina Aguilera, Lil'Kim, Mya & P!nk",1,13
Christophe,Christophe,1,54
Christophe Maé,Christophe Maé,2,59
Christophe Willem,Christophe Willem,1,22
Chromatics,Chromatics,1,26
Chromeo,Chromeo,8,278
Chuck Berry,Chuck Berry,2,130
Chumbawamba,Chumbawamba,1,17
Cigarettes After Sex & Klesh,Cigarettes After Sex,1,199
Cigarettes After Sex,Cigarettes After Sex,1,11
Cilla Black,Cilla Black,1,16
Cirque du Soleil,Cirque du Soleil,1,18
Claire Laffut,Claire Laffut,1,91
Claire Rosinkranz,Claire Rosinkranz,1,17
Claptone,Claptone,1,101
Clara Luciani,Clara Luciani,2,178
Claude François,Claude François,3,210
Claude François & Fred Falke,Claude François,1,93
"Claude François, Frédérique","Claude François, Frédérique",1,137
"Claude François, G. Thibault, J. Revaux & Paul Anka","Claude François, G. Thibault, J. Revaux & Paul Anka",3,94
Claude Nougaro,Claude Nougaro,2,129
Clean Bandit & Demi Lovato,Clean Bandit,1,311
Clean Bandit,Clean Bandit,2,113
Clio,Clio,1,61
Cobra Starship,Cobra Starship,1,18
Coke Royalty,Coke Royalty,1,65
Colbie Caillat,Colbie Caillat,1,51
Cold(Artist),Cold(Artist),2,184
Coldplay,Coldplay,28,1779
Coldplay & BTS,Coldplay,1,155
Coldplay / Mathew Heyer,Coldplay,1,59
Coldplay/Rogue,Coldplay/Rogue,1,27
College ft. Electric Youth,College,1,79
Collegehumor,Collegehumor,2,40
Conan Gray,Conan Gray,2,217
Connie Francis,Connie Francis,1,15
Cookie Dingler,Cookie Dingler,1,51
Coolio,Coolio,1,7
Coolio featuring L.V.,Coolio featuring L.V.,1,14
Coralie Clément,Coralie Clément,1,31
Corey Hart,Corey Hart,1,14
Counting Crows,Counting Crows,2,62
Cour De Recré,Cour De Recré,1,230
Crazy Frog,Crazy Frog,1,19
Crazy Girl & Memphis,Crazy Girl & Memphis,1,55
Crazy Town,Crazy Town,1,11
Creed,Creed,1,22
Creedence Clearwater Revival,Creedence Clearwater Revival,2,89
Cro,Cro,1,18
Crystal Atlantic,Crystal Atlantic,1,111
Crystal Castles,Crystal Castles,2,19
Crystal Waters,Crystal Waters,1,11
Culture Club,Culture Club,1,36
Cut Copy,Cut Copy,1,34
Cut Killer,Cut Killer,1,23
Cyndi Lauper,Cyndi Lauper,2,23
Cypress Hill,Cypress Hill,2,40
D12,D12,1,85
DB Boulevard,DB Boulevard,1,23
DEEJMD,DEEJMD,1,265
DIMMI,DIMMI,1,35
DIVA FAUNE x STEPHANE,DIVA FAUNE,1,125
"DJ Alex Man, PHURS, Andreea Flavia","DJ Alex Man, PHURS, Andreea Flavia",1,220
DJ Antoine & Timati,DJ Antoine,1,180
DJ Antoine,DJ Antoine,1,27
DJ BOBO,DJ BOBO,1,17
DJ Earthworm,DJ Earthworm,2,27
DJ Fresh,DJ Fresh,1,17
DJ Khaled feat. Rihanna,DJ Khaled,1,43
DJ Mehdi,DJ Mehdi,2,210
DJ Sammy & Yanou featuring Do,DJ Sammy & Yanou featuring Do,1,34
DNCE,DNCE,1,44
DVBBS & Borgeous,DVBBS & Borgeous,1,15
DaJugglingFool,DaJugglingFool,1,95
Dada Life,Dada Life,6,129
Daddy DJ,Daddy DJ,1,33
Daddy Yankee,Daddy Yankee,3,294
Daft Punk,Daft Punk,79,3386
Daft Punk and Giorgio Moroder,Daft Punk,1,151
Daft Punk & Pharrell Williams,Daft Punk,2,130
Daft Punk & Paul Williams,Daft Punk,2,88
Daft Punk & Queen,Daft Punk,1,68
Daft Punk vs Justice,Daft Punk,1,59
Daft Punk & Jay Z,Daft Punk,1,51
Daft Punk & Michael Jackson,Daft Punk,1,44
Daft Punk Vs The World,Daft Punk,1,38
Daft Punk & Todd Edwards,Daft Punk,2,25
Daft Punk and Dillon Francis,Daft Punk,1,22
Daft Punk & Panda Bear,Daft Punk,1,17
Daft Punk & Paul Mund,Daft Punk,1,16
Daft Punk & Julian Casablancas,Daft Punk,1,11
Daft Punk & The Weeknd,Daft Punk,1,8
Daft Punk (Thomas Bangalter & DJ Falcon as Together),Daft Punk (Thomas Bangalter & DJ Falcon as Together),1,255
"Daft Punk, Julian Casablancas & The Voidz","Daft Punk, Julian Casablancas & The Voidz",1,103
"Daft Punk, Pharrell Williams & Nile Rodgers","Daft Punk, Pharrell Williams & Nile Rodgers",2,48
Dagny,Dagny,1,140
Dalida,Dalida,1,82
Dalida y Alain Delon,Dalida y Alain Delon,1,104
Damn Arms,Damn Arms,1,56
Damso,Damso,2,91
Danger,Danger,1,62
Dania Bartolomeo,Dania Bartolomeo,1,12
Daniel Balavoine,Daniel Balavoine,4,247
Daniel Guichard,Daniel Guichard,1,64
Daniel Powter,Daniel Powter,1,75
Daniele Vitale Sax,Daniele Vitale Sax,1,16
Danny Brilliant,Danny Brilliant,1,109
Dansu,Dansu,3,251
Danzel,Danzel,1,24
Darius,Darius,3,88
Darude,Darude,2,32
Darude/Ville Virtanen,Darude/Ville Virtanen,1,21
Das Tapes,Das Tapes,1,17
Dave Loggins,Dave Loggins,1,64
David Bowie,David Bowie,6,194
David Bowie & Queen,David Bowie,1,23
David Cassidy,David Cassidy,1,173
David Gates,David Gates,1,47
David Guetta,David Guetta,18,657
David Guetta & OneRepublic,David Guetta,1,69
David Guetta & Usher,David Guetta,1,44
David Guetta vs Madonna,David Guetta,1,40
David Guetta & Bebe Rhexa,David Guetta,1,33
David Guetta & Chris Willis,David Guetta,1,19
David Guetta featuring JD Davis,David Guetta featuring JD Davis,2,35
David Lee Roth,David Lee Roth,1,27
David Tavaré,David Tavaré,1,37
Davioux and Desired,Davioux,1,131
Dayglow,Dayglow,4,264
Daze,Daze,1,85
De Palmas,De Palmas,1,58
De Soffer & Les Bisous,De Soffer & Les Bisous,1,63
Dead or Alive,Dead or Alive,3,252
Deadmau5,Deadmau5,4,79
Dean Martin,Dean Martin,2,29
Death From Above 1979,Death From Above 1979,1,24
Declan McKenna,Declan McKenna,1,135
Deep Purple,Deep Purple,1,10
Degiheugi,Degiheugi,1,37
Del Amitri,Del Amitri,1,15
Delegation,Delegation,1,18
Demon,Demon,1,259
Deorro,Deorro,1,83
Depeche Mode,Depeche Mode,6,135
Derek & The Dominos,Derek & The Dominos,1,138
Dertay,Dertay,1,73
Desiigner,Desiigner,1,49
Desire,Desire,1,60
Desired,Desired,4,329
Desireless,Desireless,1,18
Destiny's Child,Destiny's Child,1,22
Dev,Dev,1,8
Devendra Banhart,Devendra Banhart,1,29
Devin & Solange & Foxxy Cleopatra,Devin & Solange & Foxxy Cleopatra,1,20
Diam's,Diam's,6,97
Diam's & Vitaa,Diam's,1,3
Diana Panton,Diana Panton,1,32
Diana Ross,Diana Ross,3,125
Dickie Goodman,Dickie Goodman,1,23
Dido,Dido,2,22
Die Atzen,Die Atzen,1,24
Die Woodys,Die Woodys,2,349
Digital Underground,Digital Underground,1,8
Digitalism,Digitalism,2,81
Dillon Francis & DJ Snake,Dillon Francis & DJ Snake,1,15
Dim Zach,Dim Zach,1,283
Dimitri from Paris,Dimitri from Paris,1,136
Dion,Dion,1,28
Diplo,Diplo,2,44
Diplo and GTA,Diplo,1,3
Dire Straits,Dire Straits,1,84
Disclosure,Disclosure,8,191
Discobitch,Discobitch,1,58
Disiz,Disiz,1,25
Disney,Disney,9,486
Divinyls,Divinyls,1,41
Dizzee Rascal,Dizzee Rascal,1,12
Dj Antoine & The Beat Shakers,Dj Antoine & The Beat Shakers,1,125
Dj Dark & MD Dj,Dj Dark & MD Dj,1,25
Dj Snake,Dj Snake,3,118
Djeko & Torres,Djeko & Torres,1,81
Djo,Djo,1,20
Dobie Gray,Dobie Gray,1,33
Doechii,Doechii,1,13
Doja Cat,Doja Cat,4,275
Doja Cat & The Weeknd,Doja Cat,1,65
Dolly Parton,Dolly Parton,1,97
Dominic Pierce,Dominic Pierce,1,57
Don McLean,Don McLean,1,10
Don Omar,Don Omar,1,9
Donavan,Donavan,2,37
Donavans,Donavans,1,38
Donna Summer,Donna Summer,3,133
Donny Electric,Donny Electric,1,42
Donovan,Donovan,1,15
Doobie Brothers,Doobie Brothers,1,19
Doves,Doves,1,138
Dr. Dre,Dr. Dre,2,43
Drake,Drake,11,569
Drake Bell,Drake Bell,2,33
Dreamboy 84,Dreamboy 84,1,101
Dresage &  Slow Shiver,Dresage &  Slow Shiver,1,21
Dropkick Murphys,Dropkick Murphys,2,195
Dschinghis Khan,Dschinghis Khan,1,31
Dua Lipa,Dua Lipa,15,1436
Dua Lipa & Silk City,Dua Lipa,1,279
Dua Lipa & BlackPink,Dua Lipa,1,138
Dua Lipa & Angele,Dua Lipa,1,112
Dua Lipa & Ariana Grande & Nicki Minaj,Dua Lipa,1,107
Dua Lipa & DaBaby,Dua Lipa,1,68
Dua Lipa & Donald Trump,Dua Lipa,1,63
Dubba Jonny,Dubba Jonny,1,14
Duck Sauce,Duck Sauce,6,152
Duke Dumont,Duke Dumont,2,108
Duke Ellington,Duke Ellington,1,59
Duran Duran,Duran Duran,1,18
Durante,Durante,1,37
Dusty Kid,Dusty Kid,4,115
Dusty Springfield,Dusty Springfield,3,117
Dwig,Dwig,1,79
Dwntwn,Dwntwn,1,21
Dynamique,Dynamique,1,39
Dynoro & Mike Demero,Dynoro & Mike Demero,1,71
Début de Soiree,Début de Soiree,1,62
Eagle-Eye Cherry,Eagle-Eye Cherry,1,16
Eagles,Eagles,1,10
Early Eyes,Early Eyes,2,65
"Earth, Wind & Fire","Earth, Wind & Fire",1,26
Eartha Kitt,Eartha Kitt,1,17
East Coast,East Coast,1,16
East Germany,East Germany,1,51
Ed Sheeran,Ed Sheeran,2,43
Ed Sheeran & Passenger,Ed Sheeran,1,15
Eddie Johns,Eddie Johns,1,12
Eddie Murphy,Eddie Murphy,1,53
Eddie Vedder,Eddie Vedder,1,23
Eddy Grant,Eddy Grant,1,52
Eddy Mitchell,Eddy Mitchell,2,87
Eddy de Pretto,Eddy de Pretto,1,50
Edith Piaf,Edith Piaf,3,38
Edmofo,Edmofo,1,107
Edward Maya & Vika Jigulina,Edward Maya & Vika Jigulina,1,17
Edwyn Collins,Edwyn Collins,1,44
Eels,Eels,1,30
Ehrling,Ehrling,1,91
Eiffel 65,Eiffel 65,1,28
Electric Guest,Electric Guest,2,102
Electric Light Orchestra,Electric Light Orchestra,4,526
Electrixx,Electrixx,1,6
Electronic,Electronic,1,32
Elektronomia,Elektronomia,1,101
Elijah Blake,Elijah Blake,1,31
Eliza Rose,Eliza Rose,1,25
Elli Ingraham,Elli Ingraham,1,37
Elli et Jacno,Elli et Jacno,1,20
Ellie Goulding,Ellie Goulding,1,15
Ellie Semoun,Ellie Semoun,1,38
Else,Else,1,31
Elton John,Elton John,2,134
"Elton John, Dua Lipa and PNAU","Elton John, Dua Lipa",1,161
Elvis Crespo,Elvis Crespo,1,50
Elvis Presley,Elvis Presley,4,96
Eminem,Eminem,7,144
Eminem & Dr Dre,Eminem,1,85
Eminem Vs Eurythmic,Eminem,1,40
"Eminem, Dr. Dre & 50 Cent","Eminem, Dr. Dre & 50 Cent",1,7
Emma Peters,Emma Peters,1,49
Empire of the Sun,Empire of the Sun,3,259
Engelbert,Engelbert,1,6
Engelbert Humperdinck,Engelbert Humperdinck,2,209
Enrique Iglesias,Enrique Iglesias,3,63
Enur,Enur,1,17
Epic Rap Battles of History,Epic Rap Battles of History,11,184
Era,Era,2,29
Eric Carmen,Eric Carmen,2,359
Eric Cartman,Eric Cartman,1,17
Eric Prydz,Eric Prydz,3,632
Erika,Erika,1,42
Escort,Escort,1,85
Estelle,Estelle,1,30
Etienne de Crecy,Etienne de Crecy,2,118
Etta James,Etta James,1,45
Europe,Europe,1,48
European,European,2,40
Eurythmics,Eurythmics,1,27
Evergreen,Evergreen,1,41
F.R. David & Winda,F.R. David,1,125
F.R. David,F.R. David,2,48
FIFTY FIFTY (피프티피프티),FIFTY FIFTY (피프티피프티),1,175
FKJ & Tom Misch,FKJ,1,47
FKJ,FKJ,1,26
FUR,FUR,1,75
Faith Hill,Faith Hill,1,11
Fake Blood,Fake Blood,1,194
Fakear,Fakear,1,27
Falco,Falco,1,24
Fall Out Boy,Fall Out Boy,12,193
Family Guy,Family Guy,1,168
Fantompower,Fantompower,1,100
Far East Movement,Far East Movement,1,16
Fatal Bazooka,Fatal Bazooka,4,70
Fatboy Slim,Fatboy Slim,2,126
Fatboy Slim & Riva Starr,Fatboy Slim,1,40
Father,Father,1,18
Faudel,Faudel,1,33
"Faul, Wad Ad, Pnau","Faul, Wad Ad, Pnau",1,38
Fedde Le Grand,Fedde Le Grand,1,35
Fede Klotz,Fede Klotz,1,31
Feder,Feder,2,156
Feirtag,Feirtag,1,21
Felix Jaehn,Felix Jaehn,1,7
Fergie,Fergie,1,4
Fetty Wap,Fetty Wap,2,28
Fifty Fifty,Fifty Fifty,1,145
Fiji Blue,Fiji Blue,1,145
Filous & Clementine,Filous & Clementine,1,26
Finger and Kadel,Finger,1,15
First Choice,First Choice,1,19
Fitz and the Tantrums,Fitz,2,36
Five for Fighting,Five for Fighting,3,57
Flako,Flako,1,12
Flamingosis,Flamingosis,1,58
Flatsound,Flatsound,1,34
Fleetwood Mac,Fleetwood Mac,4,251
Fleur East,Fleur East,1,43
Flight Facilities,Flight Facilities,6,201
Flight Facilities & Jess,Flight Facilities,1,37
Flo Rida,Flo Rida,3,50
Floating Points,Floating Points,1,75
Florence & The Machine,Florence & The Machine,1,60
Florent Pagny,Florent Pagny,3,124
Flovry & Tender Spring,Flovry & Tender Spring,2,218
Flume,Flume,3,127
Flume x WKND,Flume,1,25
Fool's Garden,Fool's Garden,1,80
Force Unknown,Force Unknown,1,11
Foreigner,Foreigner,1,11
Forhill,Forhill,1,16
Foster the people,Foster the people,2,45
Francci,Francci,1,22
France Football Anthem,France Football Anthem,1,36
France Gall,France Gall,7,359
Francis Cabrel,Francis Cabrel,5,161
Francis Cabrel & Asaf Avidan,Francis Cabrel,1,93
Francoise Hardy,Francoise Hardy,5,338
Frank Sinatra,Frank Sinatra,8,151
Frankie Valli & The Four Seasons,Frankie Valli & The Four Seasons,4,316
Franz Ferdinand & Daft Punk,Franz Ferdinand & Daft Punk,1,26
Fred Falke & Shotgun Tom Kelly,Fred Falke & Shotgun Tom Kelly,1,41
Fred again.. feat. The Blessed Madonna,Fred again..,1,23
Freestylers,Freestylers,1,10
Freeze Corleone 667,Freeze Corleone 667,1,63
French 79,French 79,1,299
French Ball,French Ball,1,19
Friendly Fires,Friendly Fires,1,13
Fritz Kalkbrenner,Fritz Kalkbrenner,1,44
Frivolous,Frivolous,1,19
Fugees,Fugees,1,20
Full House,Full House,1,119
Fun (Band),Fun (Band),1,21
Future Girlfriend,Future Girlfriend,1,83
G-Eazy and Janis Joplin,G-Eazy,1,26
"GEE LEE, Riton and Kah-Lo","GEE LEE, Riton",1,30
Gabrielle & Daft Punk,Gabrielle,1,107
Gabrielle,Gabrielle,1,44
Gael Faye,Gael Faye,1,74
Gala,Gala,1,38
Galantis,Galantis,1,99
Garden City Movement  Lola Marsh,Garden City Movement  Lola Marsh,1,24
Gary Glitter,Gary Glitter,1,39
Gary Jules,Gary Jules,1,14
Gaullin,Gaullin,1,55
Gavin Rossdale,Gavin Rossdale,1,21
Gavinco,Gavinco,1,77
Gemini Drive,Gemini Drive,1,16
George Benson,George Benson,1,21
George Brassens,George Brassens,7,359
George Clinton Jr,George Clinton Jr,1,14
George Ezra,George Ezra,1,13
George Harrison,George Harrison,1,13
George McCrae,George McCrae,1,39
George Michael,George Michael,1,82
George Moir,George Moir,1,190
Georgie Fame & the Blue Flames,Georgie Fame & the Blue Flames,1,57
Gesaffelstein,Gesaffelstein,8,135
Gesaffelstein & The Weeknd,Gesaffelstein,1,104
Ghost,Ghost,1,15
Ghost Beach,Ghost Beach,1,32
Ghostbusters,Ghostbusters,1,11
Gibson Brothers,Gibson Brothers,1,65
Gigamesh,Gigamesh,6,589
Gigamesh and Michael Jackson,Gigamesh,1,159
Gigamesh & Alan Braxe,Gigamesh,1,39
Gigi D'Agostino,Gigi D'Agostino,1,27
Gil Scott Heron & Moullinex & Bon Entendeur,Gil Scott Heron & Moullinex & Bon Entendeur,1,96
Gilbert Bécaud,Gilbert Bécaud,2,248
Gilbert Montagne,Gilbert Montagne,1,82
Gilbert O'Sullivan,Gilbert O'Sullivan,1,206
Gin Blossoms,Gin Blossoms,1,47
Ginger Root,Ginger Root,3,145
Giorgio Moroder and Daft Punk,Giorgio Moroder,1,63
Gipsy Kings,Gipsy Kings,5,273
Giulio Cercato,Giulio Cercato,1,130
Glass Animals,Glass Animals,1,75
Global Communication,Global Communication,1,18
Global Deejays,Global Deejays,3,168
Gloria Gaynor,Gloria Gaynor,1,16
Gnarls Barkley,Gnarls Barkley,3,109
Goldfish,Goldfish,1,83
Goo Goo Dolls,Goo Goo Dolls,1,26
Good Charlotte,Good Charlotte,1,20
Goomar & GrandHuit,Goomar & GrandHuit,1,51
Gorgon City,Gorgon City,1,21
Gorillaz,Gorillaz,5,128
Gorillaz & Fatoumata Diawara,Gorillaz,1,40
Got Jax,Got Jax,1,160
Gotan Project,Gotan Project,2,116
Gotye,Gotye,2,111
Gracie Abrams,Gracie Abrams,1,31
Gradur ft. Heuss l'enfoirée,Gradur,1,124
Gramatik,Gramatik,3,66
Grand Funk Railroad,Grand Funk Railroad,1,8
Grand popo football club,Grand popo football club,1,88
Grant Smilie and Walden,Grant Smilie,1,18
Green Day,Green Day,7,277
Grouplove,Grouplove,1,124
Grover Washington Jr,Grover Washington Jr,1,69
Gryffin,Gryffin,1,179
Grégoire,Grégoire,2,45
Gucci Mane,Gucci Mane,1,25
Guizmo,Guizmo,1,17
Gummibär,Gummibär,1,6
Guns N' Roses,Guns N' Roses,2,34
Gunther & Samantha Fox,Gunther & Samantha Fox,1,156
Guru Josh Project,Guru Josh Project,1,28
Guts,Guts,5,458
Gwen Stefani,Gwen Stefani,5,130
Gym Class Heroes,Gym Class Heroes,1,19
Gym Class Heroes featuring Patrick Stump,Gym Class Heroes featuring Patrick Stump,2,29
Gérald de Palmas,Gérald de Palmas,1,46
Günther,Günther,1,24
HBK GANG,HBK GANG,1,40
HNNY,HNNY,1,61
Haddaway,Haddaway,1,15
Hadyn,Hadyn,3,37
Hagalaz Runedance,Hagalaz Runedance,1,13
Hall & Oates,Hall & Oates,5,282
Hampton The Hamster,Hampton The Hamster,1,28
Hanson,Hanson,1,129
HardNox,HardNox,1,5
Hardwell,Hardwell,3,107
Hardwell & W&W,Hardwell,1,2
Harold Faltermeyer,Harold Faltermeyer,1,34
Harry Belafonte,Harry Belafonte,2,262
Harry Chapin,Harry Chapin,1,40
Harry Nillson,Harry Nillson,2,188
Harry Nilsson,Harry Nilsson,1,131
Harry Styles,Harry Styles,4,99
He-Man,He-Man,1,29
Heart,Heart,1,25
Heizzah,Heizzah,1,99
Hellogoodbye,Hellogoodbye,1,86
Helmut Fritz,Helmut Fritz,2,30
Henri Dès,Henri Dès,2,52
Hensonn,Hensonn,1,15
Her's,Her's,1,37
Hilary Duff,Hilary Duff,1,13
Hits Variété Pop,Hits Variété Pop,1,25
Hocus Pocus ft. Magil Malik,Hocus Pocus,1,43
Hojean,Hojean,1,54
Hoku,Hoku,1,23
Home,Home,1,119
Homi & Jarvis,Homi & Jarvis,1,50
Honne & Tom Misch,Honne & Tom Misch,1,61
Hoobastank,Hoobastank,1,37
Hoogway,Hoogway,1,95
Hootie & The Blowfish,Hootie & The Blowfish,1,24
Horalion & Kraftwek,Horalion,1,297
Horalion,Horalion,1,105
Hot Chelle Rae,Hot Chelle Rae,1,21
Hot Chocolate,Hot Chocolate,2,299
Hotel Pools,Hotel Pools,1,13
Hotel Pools feat. Memorex Memories,Hotel Pools,1,11
Housecall,Housecall,1,26
Hovey Benjamin,Hovey Benjamin,1,60
Howard Jones,Howard Jones,1,15
Howie Day,Howie Day,1,35
Hozier,Hozier,1,18
Huey Lewis & The News,Huey Lewis & The News,3,101
Hugh Atkin,Hugh Atkin,1,99
Hugues Aufray,Hugues Aufray,1,18
Human League,Human League,1,12
Hunter,Hunter,1,126
Huntrix,Huntrix,1,20
I Monster,I Monster,1,21
I'm Surf,I'm Surf,1,105
"I, Monster","I, Monster",1,26
I-Cube,I-Cube,1,32
IAn Pooley & Daft Punk,IAn Pooley & Daft Punk,1,73
INXS,INXS,1,16
Iam Groupe,Iam Groupe,2,290
Ice Cube,Ice Cube,2,41
Icona Pop,Icona Pop,1,27
IdChief,IdChief,1,84
Iden Kai,Iden Kai,1,37
Iggy Pop,Iggy Pop,1,49
Image (Band),Image (Band),1,211
Images,Images,1,61
Imagination,Imagination,2,93
Imagine Dragons,Imagine Dragons,5,255
Imanbek & BYOR,Imanbek & BYOR,1,133
Imany,Imany,1,140
Immortal Technique,Immortal Technique,2,44
Indeep,Indeep,1,47
Indila,Indila,1,76
Indochine,Indochine,3,91
Infant Sorrow,Infant Sorrow,3,86
Infected Mushroom,Infected Mushroom,1,11
Inna,Inna,1,13
Inna Modja,Inna Modja,1,29
Internet Affairs,Internet Affairs,1,72
Interview,Interview,1,16
Iro(Artist),Iro(Artist),1,93
Iron Maiden,Iron Maiden,1,23
Isabelle,Isabelle,1,39
Isabelle Pierre & Bon Entendeur,Isabelle Pierre,1,134
Isabelle Pierre,Isabelle Pierre,1,22
Isley Brothers,Isley Brothers,1,26
Israel Kamakawiwo'ole,Israel Kamakawiwo'ole,1,12
Ivan (Singer),Ivan (Singer),1,47
J-Five,J-Five,1,159
J.I.D,J.I.D,1,47
JAY Z,JAY Z,2,41
JJ and DRE,JJ,1,12
Jack Beats,Jack Beats,1,16
Jack Garratt,Jack Garratt,1,38
Jack Johnson,Jack Johnson,3,66
JackLNDN,JackLNDN,1,37
Jacques Brel,Jacques Brel,11,1148
Jacques Cardona,Jacques Cardona,1,31
Jacques Chirac,Jacques Chirac,1,27
Jacques Dutron,Jacques Dutron,3,118
Jaden Chase,Jaden Chase,1,28
Jain,Jain,2,142
James,James,1,59
James Blunt & Lea Paci,James Blunt,1,87
James Blunt,James Blunt,4,76
James Brown vs Led Zeppelin,James Brown,1,57
James Brown,James Brown,1,23
James Brown Spiderman 3,James Brown Spiderman 3,1,49
James Taylor,James Taylor,1,36
Jamie Foxx,Jamie Foxx,1,5
Jamiroquai,Jamiroquai,2,49
Janet Jackson,Janet Jackson,1,55
Janis Joplin,Janis Joplin,1,12
Japanese Breakfast,Japanese Breakfast,1,13
Jason Derulo,Jason Derulo,2,117
Jason Derülo,Jason Derülo,1,17
Jason Mraz,Jason Mraz,1,10
Jawny,Jawny,2,126
Jay Z,Jay Z,1,14
Jay-Z,Jay-Z,1,64
Jay-Z & Linkin Park,Jay-Z,1,21
Jazz Trio Loop,Jazz Trio Loop,1,47
Jean Ferrat,Jean Ferrat,5,289
Jean Jacques Goldman,Jean Jacques Goldman,3,156
Jean Leloup,Jean Leloup,2,117
Jean Schultheis,Jean Schultheis,1,14
Jean Tonique,Jean Tonique,1,33
Jean-Jacques Goldman,Jean-Jacques Goldman,3,87
Jean-Louis Aubert,Jean-Louis Aubert,2,88
Jean-Luc Lahaye,Jean-Luc Lahaye,1,25
Jean-Pierre Mader,Jean-Pierre Mader,1,170
Jefferson Airplane,Jefferson Airplane,2,111
Jen(Artist),Jen(Artist),1,103
Jenifer,Jenifer,1,47
Jennie (from BlackPink),Jennie (from BlackPink),1,36
Jennifer Lopez,Jennifer Lopez,2,53
Jennifer Paige,Jennifer Paige,1,43
Jessie J,Jessie J,1,67
Jet,Jet,1,21
Jewelz and Sparks,Jewelz,1,27
Jill Scott and Jerry Folk,Jill Scott,1,58
Jim Brickman,Jim Brickman,1,30
Jim Carrey,Jim Carrey,1,71
Jim Croce,Jim Croce,1,53
Jim Jamison,Jim Jamison,1,6
Jim Yosef,Jim Yosef,1,86
Jimi Hendrix,Jimi Hendrix,1,11
Jimmy Buffett,Jimmy Buffett,1,40
Jishle,Jishle,1,103
Joan Jett and the Blackhearts,Joan Jett,1,14
Joan Jett & The Blackhearts,Joan Jett & The Blackhearts,1,22
Joe Blow,Joe Blow,1,14
Joe Cocker,Joe Cocker,2,131
Joe Dassin,Joe Dassin,24,3230
Joel Corry x MNEK,Joel Corry,1,43
John Denver & The Muppets,John Denver & The Muppets,1,6
John Frusciante,John Frusciante,3,43
John Grant,John Grant,1,69
John Mayer,John Mayer,3,119
John Newman,John Newman,1,16
John Sebastian,John Sebastian,1,164
John Travolta,John Travolta,1,21
Johnny Cash,Johnny Cash,8,569
Johnny Hallyday,Johnny Hallyday,1,9
Johnny Jane,Johnny Jane,1,70
Johnny Stimson,Johnny Stimson,1,31
Johve,Johve,1,102
Jon Lajoie,Jon Lajoie,1,22
"Jonas Blue, Malive","Jonas Blue, Malive",1,8
Jonas Brothers,Jonas Brothers,3,66
Jordan Clarke,Jordan Clarke,1,61
Jordin Sparks & Chris Brown,Jordin Sparks & Chris Brown,1,45
Jordy Chandra,Jordy Chandra,1,97
Joris Delacroix,Joris Delacroix,1,5
Jose Feliciano,Jose Feliciano,1,30
Josh Fudge,Josh Fudge,1,31
Josh Money,Josh Money,1,40
Josh tobin,Josh tobin,1,7
Josiane,Josiane,1,39
Journey,Journey,6,259
Jovelli,Jovelli,1,31
Joy Crookes,Joy Crookes,1,57
Joyce Jonathan,Joyce Jonathan,1,42
Joywave,Joywave,1,18
JuL,JuL,1,40
Juanes,Juanes,1,33
Julien Clerc,Julien Clerc,1,199
Juliet Fox,Juliet Fox,1,28
Julieta Venegas,Julieta Venegas,1,34
Julio Iglesias,Julio Iglesias,1,55
Jungle,Jungle,1,54
Junior,Junior,1,54
Junior Senior,Junior Senior,1,36
Junior Senior & Agrume,Junior Senior,1,27
Juniore,Juniore,1,69
Junkie XL,Junkie XL,2,66
Junko Ohashi,Junko Ohashi,3,126
Junko Ohashi & Night Tempo,Junko Ohashi,1,14
Junko Yagami,Junko Yagami,1,47
Jupiter,Jupiter,1,90
Justice,Justice,21,1042
Justice & Tame Impala,Justice,1,39
Justin Bieber,Justin Bieber,1,37
Justin Timberlake,Justin Timberlake,4,62
K Camp ft. 2 Chainz,K Camp,1,20
K-Maro,K-Maro,1,30
KAMINI,KAMINI,1,18
KC & The Sunshine Band,KC & The Sunshine Band,6,381
KDD,KDD,1,100
KONGOS,KONGOS,1,29
KRS-One,KRS-One,1,16
KT Tunstall,KT Tunstall,2,71
Kaaris & Kalash Criminel,Kaaris & Kalash Criminel,1,57
Kajagoogoo,Kajagoogoo,1,44
Kali Uchis,Kali Uchis,2,200
Kali Uchis & Benjamin Murano,Kali Uchis,1,48
Kamari Carter,Kamari Carter,1,10
Kamini,Kamini,1,15
Kangoo (Serie TV),Kangoo (Serie TV),1,33
Kansas,Kansas,1,9
Kany West & Lil Pump,Kany West & Lil Pump,1,77
Kanye West,Kanye West,8,283
Kanye West & JAY Z,Kanye West,1,3
Kaolin,Kaolin,1,88
Kaoma,Kaoma,1,79
Kaoru Akimoto & Night Tempo,Kaoru Akimoto & Night Tempo,1,21
Kartell,Kartell,4,105
Kasso,Kasso,1,17
Kat Deluna,Kat Deluna,1,22
Kate Bush,Kate Bush,2,157
Kate Ryan,Kate Ryan,1,26
Katy Perry,Katy Perry,4,85
Kavinsky,Kavinsky,2,103
Kaytranada,Kaytranada,1,42
Ke$ha,Ke$ha,4,88
Keane,Keane,3,60
Keedz,Keedz,1,41
Keen V,Keen V,1,30
Kelis,Kelis,1,4
Kelly Clarkson,Kelly Clarkson,1,31
Kendji Girac,Kendji Girac,1,83
Kendrick Lamar,Kendrick Lamar,5,489
Kenkfraft 400,Kenkfraft 400,1,33
Keren Ann,Keren Ann,1,42
Kero One,Kero One,1,33
Kevin Gates,Kevin Gates,1,22
Kevin Rudolf & Lil Wayne,Kevin Rudolf & Lil Wayne,1,22
Kid Cudi,Kid Cudi,3,87
Kid Francescoli,Kid Francescoli,2,201
Kid Rock,Kid Rock,1,13
Kid Simius,Kid Simius,1,13
Kid Smoko,Kid Smoko,1,51
Kids in America,Kids in America,1,51
Kim Carnes,Kim Carnes,1,10
Kim Petras,Kim Petras,2,67
Kiss,Kiss,1,36
Klangkarussell,Klangkarussell,1,29
Klingande,Klingande,2,82
Knife Party,Knife Party,3,40
Knightlife,Knightlife,1,66
Koba LaD feat Niska,Koba LaD,1,37
Kool & the Gang,Kool & the Gang,5,259
Korn,Korn,2,59
Kosibeats,Kosibeats,1,95
Kraftwerk,Kraftwerk,2,73
Krewella,Krewella,1,64
Kris Allen,Kris Allen,1,11
Kris Kross,Kris Kross,1,9
Krystal Klear,Krystal Klear,2,131
Kungs,Kungs,4,558
Kungs & Throttle,Kungs,1,51
Kygo and Syn Cole,Kygo,1,63
Kygo and Ellie Gooding,Kygo,1,36
Kygo & Selena Gomez,Kygo & Selena Gomez,1,77
Kylie Minogue,Kylie Minogue,5,346
Kyo,Kyo,1,132
L'Algerino,L'Algerino,1,150
L'Impératrice,L'Impératrice,7,629
LEEX & Mattafix,LEEX & Mattafix,1,64
LMFAO,LMFAO,2,24
LMFAO & Lil Jon,LMFAO,1,8
La Bouche,La Bouche,1,15
La Caution,La Caution,1,130
La Compagnie Creole,La Compagnie Creole,2,235
La Femme,La Femme,1,74
La Fouine,La Fouine,1,8
La Plage,La Plage,1,35
La Roux,La Roux,1,11
La Rue Ketanou,La Rue Ketanou,4,143
LaLa Land Cast,LaLa Land Cast,4,491
Labi Siffre,Labi Siffre,1,35
Lady GaGa,Lady GaGa,4,178
Lady Gaga,Lady Gaga,3,187
Lamborghini,Lamborghini,1,46
Lana Del Rey,Lana Del Rey,4,135
Lana Del Rey & Cedric Gervais,Lana Del Rey,1,30
Las Ketchup,Las Ketchup,1,58
Last Dinosaurs,Last Dinosaurs,5,387
Late Night Tuff Guy & Bon Entendeur,Late Night Tuff Guy & Bon Entendeur,1,65
Laufey,Laufey,1,1
Laura Branigan,Laura Branigan,2,63
Laurent Voulzy,Laurent Voulzy,5,133
Laurent Wolf,Laurent Wolf,3,31
Laurie destal,Laurie destal,1,20
Lawrence,Lawrence,1,16
Le Club,Le Club,1,90
Le Maitre & The Knocks,Le Maitre,1,80
Le Maitre,Le Maitre,2,76
Le Maitre and Jerry Folk,Le Maitre,1,33
Le Metropole Orkest,Le Metropole Orkest,2,11
Le Nonsense,Le Nonsense,2,102
Le top des Tout-P'tits,Le top des Tout-P'tits,1,12
LeAnn Rimes,LeAnn Rimes,1,71
Led Zeppelin,Led Zeppelin,3,42
Lee Greenwood,Lee Greenwood,1,11
Lee(artist),Lee(artist),1,42
Lene Marlin,Lene Marlin,1,22
Lenny Kravitz,Lenny Kravitz,2,33
Leon Haywood & Bon Entendeur,Leon Haywood & Bon Entendeur,1,73
Leonard Cohen,Leonard Cohen,1,41
Les Rita Mitsouko,Les Rita Mitsouko,2,61
Les Trois Accords,Les Trois Accords,1,28
Les Ultras-Boys,Les Ultras-Boys,1,18
Lesiem,Lesiem,1,11
Lesley Gore,Lesley Gore,1,20
Less than Jake,Less than Jake,1,56
Lewis Capaldi,Lewis Capaldi,1,121
Lifelike,Lifelike,8,996
Lighthouse Family,Lighthouse Family,2,154
Lil Dicky,Lil Dicky,5,229
Lil Nas X,Lil Nas X,1,45
Lil Tay,Lil Tay,1,25
Lil Wayne & JAY Z,Lil Wayne,1,24
Lil Wayne & Jay-Z,Lil Wayne,1,23
Lil Wayne,Lil Wayne,2,17
Lilly Wood,Lilly Wood,1,43
Lily Allen,Lily Allen,2,52
Limahl,Limahl,1,122
Linda Scott,Linda Scott,1,181
Linkin Park,Linkin Park,9,243
Linkin Park & Progfather,Linkin Park,1,30
Lionel Hampton,Lionel Hampton,1,38
"Lipps, Inc.","Lipps, Inc.",1,20
Liz Callaway,Liz Callaway,1,98
Loane,Loane,1,24
Lola Disco,Lola Disco,2,124
Lola Marsh,Lola Marsh,1,82
Loleatta Holloway,Loleatta Holloway,1,20
Lomtre,Lomtre,2,206
Lorde & Flume,Lorde & Flume,1,13
Lorie,Lorie,3,82
Los Adolescantes,Los Adolescantes,1,30
Los Del Rio,Los Del Rio,1,14
Lost Frequencies  & Janieck Devy,Lost Frequencies  & Janieck Devy,2,300
Lost Frequencies  & Kungs,Lost Frequencies  & Kungs,1,330
Lou Bega,Lou Bega,1,24
Lou Rawls,Lou Rawls,1,80
Lou Reed,Lou Reed,2,196
Louis Armstrong,Louis Armstrong,1,17
Louis La Roche,Louis La Roche,2,31
Louis Prima,Louis Prima,2,69
Louise Attaque,Louise Attaque,2,87
Lovejoy,Lovejoy,1,49
Lowfi Ghostie,Lowfi Ghostie,1,11
Ludacris,Ludacris,3,102
Ludovico Einaudi,Ludovico Einaudi,1,23
LuigiDonatello & Home,LuigiDonatello & Home,1,15
Luis Fonsi ft. Daddy Yankee,Luis Fonsi,1,59
Luis Fonsi & Demi Lovato,Luis Fonsi & Demi Lovato,1,91
Luke & Jimmy,Luke & Jimmy,1,54
Lukrembo,Lukrembo,1,41
Luna Blue,Luna Blue,1,59
Lupe Fiasco,Lupe Fiasco,1,41
Luther Vandross,Luther Vandross,1,0
Luxxury,Luxxury,1,41
Lykke Li,Lykke Li,1,48
Léo Ferré,Léo Ferré,1,19
M (Music Artist),M (Music Artist),1,24
M Ward,M Ward,1,16
M(Chanteur),M(Chanteur),1,29
M. Pokora,M. Pokora,1,23
M.A.G.S,M.A.G.S,1,146
M.Pokora,M.Pokora,1,25
M83,M83,2,51
MACROSS 82-99,MACROSS 82-99,3,321
MAGIC,MAGIC,1,44
MC Hammer,MC Hammer,1,6
MEM,MEM,1,29
MGMT,MGMT,4,151
MIKA,MIKA,12,891
MIdnight Runners,MIdnight Runners,1,17
MaM,MaM,2,35
Mabel,Mabel,1,85
Mac Dre feat. Chuck Beez,Mac Dre,1,12
Mac Tyer feat Derek Martin,Mac Tyer,1,11
Mac Tyer feat Kerry James,Mac Tyer,1,7
Macklemore,Macklemore,2,98
Macklemore & Ryan Lewis,Macklemore,2,46
Madcon,Madcon,3,167
Madeon,Madeon,2,102
Madison Avenue,Madison Avenue,1,51
Madness,Madness,1,27
Madonna,Madonna,21,512
"Maes, Ninho","Maes, Ninho",1,180
Magic System,Magic System,3,191
Maitre Gims,Maitre Gims,1,66
Major Lazer & DJ Snake,Major Lazer,1,42
Major Lazer,Major Lazer,1,20
Makano,Makano,1,53
Makoto Matsushita,Makoto Matsushita,1,59
Mamas and the Papas,Mamas,1,45
Mami Ayukawa,Mami Ayukawa,1,39
Manau,Manau,1,46
Manu Chao,Manu Chao,5,243
Marc Anthony,Marc Anthony,1,47
Marc Lavoine,Marc Lavoine,1,40
Marc Lavoine & Florent Pagny,Marc Lavoine,1,21
Mareux,Mareux,1,10
Marie Laforet,Marie Laforet,1,97
Marilyn Manson,Marilyn Manson,2,37
Marina Kaye,Marina Kaye,2,314
Mariya Takeuchi,Mariya Takeuchi,2,141
Mark Morrison,Mark Morrison,1,24
Mark Ronson,Mark Ronson,1,20
Marlena Shaw,Marlena Shaw,1,63
Maroon 5,Maroon 5,12,673
Marshmello & Khalid,Marshmello & Khalid,1,48
Martin Garrix,Martin Garrix,2,47
Martin Garrix & DubVision & Shaun Farrugia,Martin Garrix,1,24
Martin Solveig and GTA,Martin Solveig,1,57
Martin Solveig and feat Kele,Martin Solveig,1,31
Martin Solveig and Dragonette,Martin Solveig,1,10
Marvin Gaye,Marvin Gaye,2,27
Masayoshi Takanaka,Masayoshi Takanaka,1,157
Mase,Mase,1,64
Matchbox Twenty,Matchbox Twenty,3,266
Matt & Kim,Matt & Kim,2,78
Matt Houston,Matt Houston,1,22
Mattafix,Mattafix,1,148
Matthew Wilder,Matthew Wilder,1,227
Mattyeux,Mattyeux,1,317
Maurice Chevalier,Maurice Chevalier,2,70
Max Berlin,Max Berlin,1,66
Max Frost,Max Frost,1,65
Max Manie,Max Manie,1,21
Maxime Le Forestier,Maxime Le Forestier,1,40
Maya,Maya,1,6
Mc Solaar,Mc Solaar,1,25
McFadden & Whitehead,McFadden & Whitehead,1,68
Meiko Nakahara,Meiko Nakahara,4,156
Mel Brooks,Mel Brooks,2,31
Melanie,Melanie,1,18
Melanie Fiona,Melanie Fiona,1,54
Melanie Martinez,Melanie Martinez,1,65
Mell-o,Mell-o,1,99
Memorex Memories,Memorex Memories,2,28
Men Without Hats,Men Without Hats,2,119
Men at Work,Men at Work,2,55
Mere Notilde,Mere Notilde,2,301
Meric Again & 22 Angels,Meric Again & 22 Angels,1,29
Metallica,Metallica,4,43
Metro Boomin and The Weeknd and 21 Savage,Metro Boomin,1,27
Metronomy,Metronomy,2,86
Metronomy & Purple Disco Machine,Metronomy,1,45
Miami Horror,Miami Horror,1,58
Michael Bublé,Michael Bublé,4,256
Michael Franti & Spearhead,Michael Franti & Spearhead,1,58
Michael Gray,Michael Gray,1,40
Michael Jackson,Michael Jackson,11,288
Michael Sembello,Michael Sembello,1,15
Michel Berger,Michel Berger,1,16
Michel Delpech,Michel Delpech,2,168
Michel Legrand,Michel Legrand,1,105
Michel Polnareff,Michel Polnareff,1,115
Michel Sardou,Michel Sardou,2,170
Mickael Miro,Mickael Miro,1,55
Mickey 3D,Mickey 3D,2,84
Mickey Avalon,Mickey Avalon,1,20
Micky Green,Micky Green,1,14
Midnight Juggernauts,Midnight Juggernauts,1,30
Miel De Montagne,Miel De Montagne,1,67
Migos,Migos,1,24
Miguel Bose,Miguel Bose,1,97
Miike Snow,Miike Snow,1,17
Mika,Mika,2,194
Mike Candys and Evelyn,Mike Candys,1,44
Mike Newman,Mike Newman,1,52
Mike Oldfield,Mike Oldfield,1,48
Mike Posner,Mike Posner,2,69
Mike Stud,Mike Stud,1,50
Miki Matsubara,Miki Matsubara,1,187
Miki Matsubara & Night Tempo,Miki Matsubara,1,64
Miley Cyrus,Miley Cyrus,1,42
Milky Chance,Milky Chance,1,17
Minako Yoshida,Minako Yoshida,1,13
Ming Tea,Ming Tea,1,14
Minnie Riperton,Minnie Riperton,1,25
Miossec,Miossec,1,50
Miranda Cosgrove,Miranda Cosgrove,1,36
Miranda Cosgrove featuring Drake Bell,Miranda Cosgrove featuring Drake Bell,1,11
Mireille Mathieu,Mireille Mathieu,1,144
Mirwais,Mirwais,1,78
Mister Gavin,Mister Gavin,1,63
Mitiko & Bon Entendeur,Mitiko & Bon Entendeur,1,151
Moby,Moby,3,203
Modek,Modek,1,46
Modern Talking,Modern Talking,7,615
Modjo,Modjo,2,107
Molchat Doma,Molchat Doma,1,83
Molecule,Molecule,1,20
Mommy x Philanthrope,Mommy,1,97
Momoko Kikuchi,Momoko Kikuchi,1,17
Monamie,Monamie,1,39
Mondotek,Mondotek,1,42
Moodyman,Moodyman,2,70
Moondough,Moondough,1,196
Moonlight,Moonlight,1,47
Mos Def,Mos Def,2,97
Moullinex,Moullinex,1,39
Moussier Tombola,Moussier Tombola,1,8
Mozart,Mozart,4,46
Mr Flash,Mr Flash,1,23
Mr Oizo,Mr Oizo,1,26
Mr Oizo Ft Thomas Bangalter (Daft Punk),Mr Oizo,1,15
Mr President,Mr President,1,92
Mr Probz,Mr Probz,1,58
Mr. C,Mr. C,1,28
Mr. Oizo,Mr. Oizo,3,100
Mr. Oizo & Marylin Manson,Mr. Oizo,1,73
Mr.Vtage,Mr.Vtage,1,164
Mumford & Sons,Mumford & Sons,1,60
Mungo Jerry,Mungo Jerry,1,26
Muriel Dacq,Muriel Dacq,1,37
Muse,Muse,4,83
My Chemical Romance,My Chemical Romance,1,14
Mylene Farmer,Mylene Farmer,2,106
Myles Smith,Myles Smith,2,81
Mylo Vs Miami Sound Machine,Mylo,1,32
Mystery Skulls,Mystery Skulls,1,57
"Myth Syzer (Ft. Bonnie Banane, Ichon & Muddy Monk)","Myth Syzer (Ft. Bonnie Banane, Ichon & Muddy Monk)",1,77
NFC & Bon Entendeur,NFC & Bon Entendeur,1,129
Naaz,Naaz,1,33
Naked Eyes,Naked Eyes,1,11
Nancy Sinatra,Nancy Sinatra,2,22
Nanidato,Nanidato,1,90
Napkey & Bon Entendeur,Napkey & Bon Entendeur,1,38
Naps ft. SCH,Naps,1,69
Nassau,Nassau,1,26
Natalie Cardone,Natalie Cardone,1,32
Natalie Imbruglia,Natalie Imbruglia,1,39
Natasha Bedingfield,Natasha Bedingfield,1,11
Nathan Lane & Matthew Broderick,Nathan Lane & Matthew Broderick,1,13
Naturi Naughton,Naturi Naughton,1,57
Naxxos,Naxxos,1,15
Nayla & Bon Entendeur,Nayla & Bon Entendeur,1,86
Naïka,Naïka,1,103
Neil Diamond,Neil Diamond,1,53
Neil Young,Neil Young,2,138
Nelly,Nelly,1,56
Nelly Furtado,Nelly Furtado,6,93
Nelward,Nelward,1,33
Nena,Nena,1,25
Neon Trees,Neon Trees,1,33
Neosignal,Neosignal,1,39
Never Dull,Never Dull,1,117
Niagara,Niagara,1,81
Niall Horan & Anne-Marie,Niall Horan & Anne-Marie,1,82
Nice Peter,Nice Peter,5,46
Nick Jonas,Nick Jonas,1,47
Nick Lowe,Nick Lowe,1,24
Nickelback,Nickelback,1,42
Nickelodeon,Nickelodeon,1,26
Nicki Minaj & Ice Spice,Nicki Minaj,1,46
Nicki Minaj,Nicki Minaj,2,32
Nicky Jam,Nicky Jam,1,88
Nicky Romero,Nicky Romero,2,124
Nicky Youre & Dazy,Nicky Youre & Dazy,1,22
Nicola Cruz,Nicola Cruz,1,73
Night Tempo,Night Tempo,2,192
Nightriders,Nightriders,1,113
Nihonzera,Nihonzera,1,10
Nina Simone,Nina Simone,1,13
Nina Sky,Nina Sky,1,59
Nino Ferrer,Nino Ferrer,4,160
Nirvana,Nirvana,2,15
No Buses,No Buses,1,99
No Doubt,No Doubt,2,94
Noah Chenfeld,Noah Chenfeld,2,165
Nocti,Nocti,1,51
Noel Harrison,Noel Harrison,1,50
Noir Desir,Noir Desir,2,78
Noir Désir,Noir Désir,1,60
Norman Greenbaum,Norman Greenbaum,1,13
Nu (band) & The Velvet Underground,Nu (band),1,121
Nu (band),Nu (band),1,32
Nuane (feat. Aritus),Nuane (feat. Aritus),1,27
Nytron & Sugar Hill,Nytron & Sugar Hill,1,67
O-Zone,O-Zone,1,37
O.A.R.,O.A.R.,1,37
OMC,OMC,1,59
Oasis,Oasis,1,30
Odetta,Odetta,1,23
Odezenne,Odezenne,8,381
Offenbach,Offenbach,2,80
Oivia Newton John,Oivia Newton John,1,7
Ok Go,Ok Go,1,45
Olav Swarowsky,Olav Swarowsky,1,50
Oliver Heldens & David Guetta & FAST BOY,Oliver Heldens,1,46
Oliver Heldens,Oliver Heldens,1,26
Olivia Ruiz,Olivia Ruiz,3,66
Omar et Fred,Omar et Fred,1,13
Omega Tribe,Omega Tribe,1,70
Omer Adam ft. Arisa,Omer Adam,1,115
One Direction,One Direction,1,18
One T  Cool T,One T  Cool T,1,38
OneRepublic,OneRepublic,5,146
OneRepublic & Alesso,OneRepublic,1,42
Onra,Onra,2,125
Opus,Opus,1,36
Orchestral Manoeuvres In the Dark,Orchestral Manoeuvres In the Dark,1,43
OrelSan & Angele,OrelSan & Angele,1,49
OrelSan & Damso,OrelSan & Damso,1,68
Orishas,Orishas,1,78
Orson,Orson,1,21
Os Tincoas,Os Tincoas,2,157
Otis Redding,Otis Redding,1,74
Ottowan,Ottowan,3,302
Our Samplus & Bon Entendeur,Our Samplus & Bon Entendeur,1,81
Ourvais,Ourvais,1,50
OutKast,OutKast,2,151
Overcrest,Overcrest,1,13
Oxmo Puccino,Oxmo Puccino,1,65
"Ozuna, RedOne  & Maitre Gims","Ozuna, RedOne  & Maitre Gims",1,88
Ozzy Osbourne,Ozzy Osbourne,1,42
P!nk,P!nk,2,100
PH Electro,PH Electro,1,40
PNAU,PNAU,1,163
PNL,PNL,16,1085
PSY (Artist),PSY (Artist),1,10
Pakito,Pakito,4,244
Panic At the Disco,Panic At the Disco,1,32
Panic City,Panic City,1,35
Parade of Lights,Parade of Lights,1,61
Paradis,Paradis,2,209
Paris By Air,Paris By Air,1,44
Paris Hilton,Paris Hilton,1,9
Parliament,Parliament,1,21
Parov Stelar,Parov Stelar,5,226
ParttyNextDoor,ParttyNextDoor,1,48
Party Harders & The Subs,Party Harders & The Subs,1,15
Parvati Khan,Parvati Khan,1,24
Pas Sages,Pas Sages,1,92
Pascal Letoublon,Pascal Letoublon,1,73
Pass The 40,Pass The 40,1,130
Patrice Rushen,Patrice Rushen,1,15
Patrick Cowley & Purple Disco Machine,Patrick Cowley,1,222
Patrick Cowley,Patrick Cowley,1,127
Patrick Hernandez,Patrick Hernandez,1,143
Patterns,Patterns,1,116
Paul Anka,Paul Anka,1,15
Paul Hardcastle,Paul Hardcastle,1,46
Paul Johnson,Paul Johnson,1,208
Paul Kalkbrenner,Paul Kalkbrenner,1,87
Paul McCartney & Tatsuro Yamashita,Paul McCartney & Tatsuro Yamashita,1,46
Paul McCartney & The Wings,Paul McCartney & The Wings,1,26
Paul Simon,Paul Simon,1,85
Paula Abdul,Paula Abdul,1,21
Peach Tree Rascals,Peach Tree Rascals,1,70
Pedro Santos Ft. Ananya Nabila,Pedro Santos,1,37
Peggy Gou,Peggy Gou,1,108
Peggy March,Peggy March,1,11
Pet Shop Boys,Pet Shop Boys,1,195
Peter Bjorn and John,Peter Bjorn,1,70
Peter Cetera,Peter Cetera,1,58
Peter Cincotti,Peter Cincotti,1,28
Peter Gabriel,Peter Gabriel,1,127
Peter Paul and Mary,Peter Paul,1,31
Peter Schilling,Peter Schilling,1,50
Phantoms,Phantoms,1,200
Pharrell,Pharrell,2,27
Pharrell Williams / Daft Punk,Pharrell Williams,1,68
Pharrell Williams,Pharrell Williams,2,42
Phil Collins,Phil Collins,8,512
Phill Collins,Phill Collins,1,10
Phoenix,Phoenix,2,63
Phoenix & Breakbot,Phoenix,1,49
Pierre Henry,Pierre Henry,1,54
Pierre Perret,Pierre Perret,1,34
Pilot,Pilot,1,13
Pink Floyd,Pink Floyd,24,697
Pink Floyd vs Bee Gees,Pink Floyd,1,30
Pink Martini,Pink Martini,1,14
"PinkPantheress, Ice Spice","PinkPantheress, Ice Spice",1,14
Pinkpantheress,Pinkpantheress,1,18
Piper,Piper,1,30
Pitbull,Pitbull,6,137
Pitbull & Chris Brown,Pitbull,1,128
Pitbull & Osmani Garcia,Pitbull,1,69
Placebo,Placebo,5,98
Plain White T's,Plain White T's,1,22
Plain White Ts,Plain White Ts,1,13
Plastic Bertrand,Plastic Bertrand,1,64
Pleasurekraft,Pleasurekraft,1,25
Point Blank,Point Blank,1,35
Polo & Pan,Polo & Pan,17,1836
Polo & Pan et Metronomy,Polo & Pan et Metronomy,1,55
Polo G,Polo G,1,31
Pomplamoose & Daft Punk,Pomplamoose & Daft Punk,1,72
Pony Pony Run Run,Pony Pony Run Run,1,156
Pony Pony Run Run & Oliver Nelson,Pony Pony Run Run,1,68
Poolside,Poolside,3,271
Poom,Poom,2,146
Pop Up!,Pop Up!,1,43
Portishead,Portishead,1,4
Portugal The Man,Portugal The Man,1,31
Post Malone,Post Malone,4,269
Power Music,Power Music,1,7
Pretty Lights,Pretty Lights,1,116
Princess Chelsea,Princess Chelsea,1,15
Psg,Psg,1,88
Psychemagik,Psychemagik,3,84
Public Enemy vs. Benny Benassi,Public Enemy,1,22
Public(Band),Public(Band),1,77
Purple Disco Machine,Purple Disco Machine,2,217
Purple Disco Machine & Sophie And The Giants,Purple Disco Machine,1,157
Purple Disco Machine & Lorenz Rhode,Purple Disco Machine,1,23
Put Put,Put Put,1,90
Pzk,Pzk,1,7
Quantic,Quantic,2,132
Queen,Queen,10,726
Queen & House of Pain & ACDC,Queen,1,83
R.E.M.,R.E.M.,2,64
RITCHRD,RITCHRD,1,57
RJD2,RJD2,1,11
RL Grime & What So Not,RL Grime & What So Not,1,41
ROSÉ & Bruno Mars,ROSÉ & Bruno Mars,1,93
RUdolph,RUdolph,3,125
Radio Killer,Radio Killer,1,42
Radiohead,Radiohead,1,75
Rae Sremmurd,Rae Sremmurd,3,50
Raki,Raki,1,82
Ram Jam,Ram Jam,1,16
Rammstein,Rammstein,2,85
Ramones,Ramones,1,10
Randy Bachman,Randy Bachman,1,177
Randy Newman,Randy Newman,1,33
Rap Beats,Rap Beats,1,21
Raphael,Raphael,3,81
Raphaël,Raphaël,1,43
Rascal Flats,Rascal Flats,1,28
Ratatat,Ratatat,2,54
Ray Charles,Ray Charles,2,46
Real California Milk,Real California Milk,1,101
Rebounder,Rebounder,1,41
Red Axes,Red Axes,1,54
Red Hot Chili Pepper,Red Hot Chili Pepper,3,232
Red Hot Chili Pepper ( Gamper and Dadoni Remix),Red Hot Chili Pepper ( Gamper,1,11
Red Hot Chili Peppers,Red Hot Chili Peppers,2,20
Regard & Troye Sivan & Tate McRae,Regard,1,167
Regard,Regard,1,144
Regrets,Regrets,1,24
"Rema, Selena Gomez","Rema, Selena Gomez",1,46
Renan Luce,Renan Luce,2,145
Renaud,Renaud,19,1122
René La Taupe,René La Taupe,1,37
Revenge,Revenge,1,17
Rhett and Link,Rhett,2,45
Ricchi e poveri - testo,Ricchi e poveri - testo,1,25
Richard Carter,Richard Carter,1,11
Richard Harris,Richard Harris,1,34
Richard Marx,Richard Marx,2,74
Richard Sanderson,Richard Sanderson,1,25
Richard Wagner,Richard Wagner,1,116
Richy Sheehy feat. Marc Kenny,Richy Sheehy,1,145
Rick Astley,Rick Astley,1,8
Ricky Martin ft. Maluma,Ricky Martin,1,103
Ricky Martin,Ricky Martin,2,69
Rihanna,Rihanna,5,118
Rihanna & Drake,Rihanna,1,9
Riize,Riize,1,16
Ringo Starr,Ringo Starr,1,27
Rita Ora,Rita Ora,3,407
Riton x Oliver Heldens,Riton,1,62
Riton x Nightcrawlers ft. Mufasa & Hypeman -,Riton,1,49
Riton & Kah-Lo & Empire of the Sun,Riton & Kah-Lo & Empire of the Sun,1,172
Rob Dougan,Rob Dougan,1,8
Rob Thomas,Rob Thomas,3,46
Rob Zombie,Rob Zombie,1,33
Robbie Williams,Robbie Williams,4,140
Robin Thicke,Robin Thicke,1,24
Robson Jorge & Lincoln Olivetti,Robson Jorge & Lincoln Olivetti,1,54
Robyn,Robyn,2,219
Roch Voisine,Roch Voisine,2,46
Rocketman,Rocketman,1,65
Rockwell,Rockwell,1,38
Rod Stewart,Rod Stewart,1,88
Rodrigo Amarante,Rodrigo Amarante,2,46
Roger Miller,Roger Miller,1,19
Roger Sanchez,Roger Sanchez,1,25
Rohff,Rohff,2,79
Rohff & Janice,Rohff,1,7
Rolling Stones,Rolling Stones,4,173
Romeo et Juliette,Romeo et Juliette,1,32
Rone,Rone,1,14
Rose Royce,Rose Royce,1,8
Rossini,Rossini,1,12
Roy Ayers Ubiquity,Roy Ayers Ubiquity,1,63
Roy Orbison,Roy Orbison,1,19
Royksopp,Royksopp,2,202
Rucka Rucka Ali,Rucka Rucka Ali,33,784
Rucka Rucka Ali & DJ Not Nice,Rucka Rucka Ali,1,9
Rudolph,Rudolph,2,196
Ruper Holmes,Ruper Holmes,1,21
RÜFÜS DU SOL,RÜFÜS DU SOL,1,20
S. Kiyotaka & Omega Tribe,S. Kiyotaka & Omega Tribe,1,194
S.I.R Please,S.I.R Please,1,34
SAINt JHN & Imanbek,SAINt JHN & Imanbek,1,34
SBTRKT,SBTRKT,1,31
SS501,SS501,1,32
STRFKR,STRFKR,2,35
SXCREDMANE,SXCREDMANE,1,137
Sable,Sable,1,61
Sabrina,Sabrina,1,49
Sabrina Carpenter,Sabrina Carpenter,2,114
Sacha Distel,Sacha Distel,1,289
Sade,Sade,3,234
Sage the Gemini,Sage the Gemini,2,192
Saint Motel,Saint Motel,1,71
Saint Pepsi,Saint Pepsi,4,392
Saint Pepsi & MACROSS 82,Saint Pepsi,1,99
Saint Privat,Saint Privat,1,40
Saja Boys,Saja Boys,1,16
Sak Noel,Sak Noel,1,9
Sam and Dave,Sam,1,22
Sam Cooke,Sam Cooke,1,56
Sam Feldt,Sam Feldt,1,45
Sam Gellaitry,Sam Gellaitry,3,123
Sam Smith,Sam Smith,1,32
Sam Smith & Kim Petras,Sam Smith,1,23
Santana,Santana,1,41
Santana & Rob Thomas,Santana,1,32
Sara Bareilles,Sara Bareilles,1,20
Sarcastic Sounds,Sarcastic Sounds,1,111
Sash!,Sash!,1,93
Satoshi Kon,Satoshi Kon,1,235
Savage,Savage,1,6
Savant,Savant,1,151
Saweetie,Saweetie,1,28
Say When,Say When,1,16
Scarface,Scarface,1,18
Scatman John,Scatman John,1,97
Schnuffel,Schnuffel,1,28
Scissor Sisters,Scissor Sisters,1,71
Scorpions,Scorpions,4,134
Scott McKensie,Scott McKensie,1,19
Sean Kingston,Sean Kingston,2,31
Sean Paul,Sean Paul,3,135
Seb,Seb,1,23
SebastiAn,SebastiAn,4,106
SebastiAn Ingrosso,SebastiAn Ingrosso,2,117
Seelenluft,Seelenluft,1,12
Seinabo Sey,Seinabo Sey,1,33
Selena Gomez,Selena Gomez,3,176
Semisonic,Semisonic,1,65
Senor Stereo,Senor Stereo,1,189
September,September,1,126
Serge Gainsbourg,Serge Gainsbourg,15,852
Serge Gainsbourg & Jane Birkin,Serge Gainsbourg,2,67
Serge Gainsbourg & Brigitte Bardot,Serge Gainsbourg,1,38
Serge Reggiani,Serge Reggiani,1,17
Sergio Mendes,Sergio Mendes,2,36
Sergio Mendes and Ian Asher,Sergio Mendes,1,28
Seryoga,Seryoga,1,10
Sexion d'Assaut,Sexion d'Assaut,2,37
Sexy Pigeon,Sexy Pigeon,1,141
Shaboozey,Shaboozey,1,28
Shaga,Shaga,1,100
Shaka Ponk,Shaka Ponk,1,12
Shakedown,Shakedown,1,115
Shakira,Shakira,8,465
Shania Twain,Shania Twain,2,38
Shanna,Shanna,1,27
Sharon Brown,Sharon Brown,1,64
Shawn Mendes,Shawn Mendes,2,113
She Said Disco,She Said Disco,1,136
Shelco Garcia and Teen Wolf,Shelco Garcia,1,42
Shelly,Shelly,1,46
Sheryl Crow,Sheryl Crow,3,71
Shocking Blue,Shocking Blue,1,19
Shoestring,Shoestring,1,16
Showtek,Showtek,1,22
Shy'm,Shy'm,1,13
Sia,Sia,2,136
Siboy Feat Damso  & Bénash,Siboy,1,134
Sick On the Bus,Sick On the Bus,1,15
Sidney Bechet,Sidney Bechet,1,59
Sidney Samson,Sidney Samson,1,9
Siedah Garrett,Siedah Garrett,1,40
Silver Convention,Silver Convention,1,13
Simon and Garfunkel,Simon,6,510
Simone,Simone,1,73
Simple Plan,Simple Plan,6,264
Sinead O Connor,Sinead O Connor,1,35
Sinik,Sinik,4,93
Sinsémilia,Sinsémilia,1,52
Sivuca & Bon Entendeur,Sivuca & Bon Entendeur,1,141
Sixpence None the Richer,Sixpence None the Richer,1,39
Skibblez & DeeJMD,Skibblez & DeeJMD,1,65
Skibblez & My NamE,Skibblez & My NamE,1,106
Skippa da Flippa,Skippa da Flippa,1,11
Skrillex,Skrillex,3,77
Skule Toyama,Skule Toyama,1,26
Sky Bachi,Sky Bachi,1,57
Sleepy Souls,Sleepy Souls,1,20
Smash Mouth,Smash Mouth,3,163
Snap!,Snap!,1,48
Sniper,Sniper,1,15
Snoop Dogg,Snoop Dogg,4,57
Snoop Dogg & Wiz Khalifa,Snoop Dogg,1,12
Snoop Dogg & Pharrell Williams,Snoop Dogg,1,7
Snow Patrol,Snow Patrol,1,23
Social Justice - The musical,Social Justice - The musical,1,88
Sofi Tukker,Sofi Tukker,1,44
Sofiane,Sofiane,1,144
Soft Cell,Soft Cell,1,19
Soft Palace,Soft Palace,1,48
Soitchy,Soitchy,1,99
Soklak,Soklak,3,75
Soliterre,Soliterre,1,86
Solomun,Solomun,2,50
Sombr,Sombr,1,31
Sonia Rosa & Night Tempo,Sonia Rosa & Night Tempo,1,89
Sonny & Cher,Sonny & Cher,1,78
Sonya Spence,Sonya Spence,1,28
Soolking feat Dadju,Soolking,1,116
Sophie B. Hawkins,Sophie B. Hawkins,1,15
Sophie Ellis Bextor,Sophie Ellis Bextor,1,37
Soprano,Soprano,1,9
Soso maness ft. PLK,Soso maness,1,139
Soul Bells & MACROSS 82-99,Soul Bells & MACROSS 82-99,1,92
Soulitune,Soulitune,2,99
Soulja Boy Tell 'Em,Soulja Boy Tell 'Em,1,4
Souls of Mischief,Souls of Mischief,1,38
Soulwax,Soulwax,1,142
Sound System,Sound System,1,14
Spandau Ballet,Spandau Ballet,1,6
Spargo,Spargo,1,24
Spencer hunt,Spencer hunt,1,111
Spice Girls,Spice Girls,1,9
Spin Doctors,Spin Doctors,1,16
Squeeze,Squeeze,1,64
Squid Game,Squid Game,1,56
St Lucia,St Lucia,1,29
Stacey Kent,Stacey Kent,1,32
Stan Getz & Joao Gilberto,Stan Getz & Joao Gilberto,1,85
Star Boys,Star Boys,1,30
Stardust,Stardust,1,29
Starsailor,Starsailor,2,63
Starship,Starship,1,45
Starsound Orchestra,Starsound Orchestra,1,15
Static and Ben El,Static,1,64
Stealers Wheel,Stealers Wheel,1,65
Steely Dan,Steely Dan,2,66
Stefie Shock,Stefie Shock,1,152
Stefie Shock & Charles Aznavour,Stefie Shock,1,132
Stephen Sanchez & Em Beihold,Stephen Sanchez & Em Beihold,1,40
Steppenwolf,Steppenwolf,1,28
Stereo MC's,Stereo MC's,1,31
Stereo MCs,Stereo MCs,1,17
Stereoclip,Stereoclip,2,32
Steve Aoki & Moxie Raia,Steve Aoki,1,50
Steve Aoki,Steve Aoki,1,12
Steve Miller Band,Steve Miller Band,1,26
Steve Reich and HNNY,Steve Reich,1,102
Steve Winwood,Steve Winwood,1,122
Stevie Nicks,Stevie Nicks,1,50
Stevie Wonder,Stevie Wonder,4,99
Sticky Fingers,Sticky Fingers,1,48
Stiig,Stiig,1,10
Sting,Sting,3,214
Stromae,Stromae,5,289
Styx,Styx,1,103
Sub Focus,Sub Focus,1,43
Sugar Hill,Sugar Hill,1,18
Suken,Suken,1,32
SunStroke Project & Olia Tira,SunStroke Project & Olia Tira,1,86
Super Audio Time,Super Audio Time,1,43
Superbus,Superbus,6,192
Superbus & Hoshi,Superbus,1,51
Superfunk,Superfunk,1,71
Supermode,Supermode,1,319
Supertramp,Supertramp,7,1180
Supreme NTM,Supreme NTM,2,71
Sure Sure,Sure Sure,1,51
Surf Mesa,Surf Mesa,1,97
Surfaces,Surfaces,1,61
Survivor,Survivor,1,11
Susumu Hirasawa,Susumu Hirasawa,1,165
Suzanne Vega,Suzanne Vega,1,62
Suzy Q,Suzy Q,1,25
Swedish House Mafia,Swedish House Mafia,4,114
Swedish House Mafia & Tinie Tempah,Swedish House Mafia,1,35
Sweetpower,Sweetpower,1,27
Swing Out Sister,Swing Out Sister,1,14
Swivel Hips,Swivel Hips,1,165
Swum,Swum,1,112
Sylvester,Sylvester,1,43
Sylvie Vartan,Sylvie Vartan,1,32
Synapson,Synapson,16,802
System of a Down,System of a Down,2,85
Sza,Sza,2,89
T-Pain,T-Pain,2,76
T.A.T.U,T.A.T.U,1,78
T.I ft Iggy Azaela,T.I,1,59
T.I.,T.I.,1,10
TSR Crew,TSR Crew,1,77
TUPPERWAVE,TUPPERWAVE,1,39
Taba Chake,Taba Chake,1,51
Tabal(Artist),Tabal(Artist),1,93
Tacabro,Tacabro,1,23
Taco!,Taco!,1,122
Taeko Ohnuki,Taeko Ohnuki,1,50
Taio Cruz,Taio Cruz,1,22
Takako Mamiya,Takako Mamiya,1,67
Take That,Take That,2,157
Takeuchi Mariya & Night Tempo,Takeuchi Mariya & Night Tempo,1,46
Takuya Kuroda,Takuya Kuroda,1,29
Tal (artist),Tal (artist),1,253
Tal Bachman,Tal Bachman,1,39
Talk Talk,Talk Talk,1,19
Talking Heads,Talking Heads,2,52
Tame Impala,Tame Impala,6,550
Tan Dun,Tan Dun,1,9
Tanuki,Tanuki,1,53
Tarik NuClothes,Tarik NuClothes,1,21
Tatsuro Yamashita,Tatsuro Yamashita,7,626
Tatsuro Yamashita & Subways,Tatsuro Yamashita,1,303
Tatsuro Yamashita & Night Tempo,Tatsuro Yamashita,1,51
Taylor Swift,Taylor Swift,3,363
Team America,Team America,2,21
Technotronic,Technotronic,1,79
Teddybears,Teddybears,1,30
Telephone,Telephone,2,51
Teletoon,Teletoon,1,34
Temporex,Temporex,1,52
Ten Walls,Ten Walls,2,29
Tennis,Tennis,1,50
Tensnake & Purple Disco Machine,Tensnake & Purple Disco Machine,1,24
Terence Trent D'Arby,Terence Trent D'Arby,1,59
Terry Jacks,Terry Jacks,1,103
Tessa Violet,Tessa Violet,1,124
Texas,Texas,2,81
Tez Cadey,Tez Cadey,1,51
The 5th Dimension,The 5th Dimension,1,235
The Alan Parsons Project,The Alan Parsons Project,1,95
The All-American Rejects,The All-American Rejects,3,79
The Animals,The Animals,1,69
The Archies,The Archies,1,127
The Association,The Association,1,44
The Avalanches,The Avalanches,1,115
The Avener & M.I.L.K.,The Avener & M.I.L.K.,1,281
The B-52s,The B-52s,1,21
The Bangles,The Bangles,1,15
The Baseballs,The Baseballs,1,108
The Beach Boys,The Beach Boys,1,30
The Beatles,The Beatles,20,556
The Beatles & Himesh Patel,The Beatles,1,70
The Black Eyed Peas,The Black Eyed Peas,4,47
The Black Eyed Peas & Justin Timberlake,The Black Eyed Peas,1,9
The Blaze,The Blaze,1,27
The Bloody Beetroots,The Bloody Beetroots,3,66
The Booyah! Kids,The Booyah! Kids,1,48
The Bornagen Beatles,The Bornagen Beatles,2,35
The Bug,The Bug,1,17
The Calling,The Calling,1,73
The Cardigans,The Cardigans,1,55
The Chainsmokers,The Chainsmokers,4,261
The Chainsmokers & Coldplay,The Chainsmokers,1,147
The Champs,The Champs,1,36
The Chemical Brothers,The Chemical Brothers,2,109
The Chordettes,The Chordettes,1,21
The Chords,The Chords,1,64
The Clash,The Clash,1,17
The Click Five,The Click Five,1,18
The Coasters,The Coasters,1,41
The Contours,The Contours,1,91
The Corrs,The Corrs,1,58
The Cranberries,The Cranberries,2,39
The Crusaders & Synapson,The Crusaders & Synapson,1,83
The Cure,The Cure,6,162
The Cyrkle,The Cyrkle,1,221
The Dandy Warhols,The Dandy Warhols,1,13
The Dead Kennedys,The Dead Kennedys,1,45
The Delfonics,The Delfonics,1,25
The Detroit Experiment,The Detroit Experiment,1,53
The Devils Sway,The Devils Sway,1,21
The Dinosaurs Skin,The Dinosaurs Skin,1,77
The Doors,The Doors,3,83
The Doozers,The Doozers,1,23
The Drives,The Drives,1,57
The F16s,The F16s,1,64
The Feeling,The Feeling,1,43
The Fielders vs Sammy La MArca,The Fielders,1,33
The Foundations,The Foundations,1,206
The Four Tops,The Four Tops,2,117
The Fray,The Fray,1,19
The Friends of Distinction,The Friends of Distinction,1,91
The Fugees and Jerry Folk,The Fugees,1,34
The Game,The Game,1,29
The Garifuna Collective & Synapson,The Garifuna Collective & Synapson,1,46
The Glitch Mob,The Glitch Mob,4,168
The Griswolds,The Griswolds,1,49
The Grouch,The Grouch,1,20
The Guess Who,The Guess Who,1,2
The Heavy,The Heavy,1,18
The Human League,The Human League,1,46
The Isley Brothers,The Isley Brothers,1,36
The J. Geils Band,The J. Geils Band,1,7
The Jackson 5,The Jackson 5,3,159
The Jacksons,The Jacksons,1,15
The Jimi Hendrix Experience,The Jimi Hendrix Experience,1,77
The Kaleidoscopes & The Nightswimmers,The Kaleidoscopes & The Nightswimmers,1,18
The Kid Laroi & Justin Bieber,The Kid Laroi & Justin Bieber,1,90
The Kid Laroi & Miley Cyrus,The Kid Laroi & Miley Cyrus,1,43
The Killers,The Killers,2,102
The King Khan & BBQ Show,The King Khan & BBQ Show,1,86
The King's Parade,The King's Parade,1,135
The Kinks,The Kinks,4,134
The Knack,The Knack,1,9
The Lonely Island,The Lonely Island,9,221
The Magnetic Fields,The Magnetic Fields,1,108
The Miracles,The Miracles,1,67
The Monkees,The Monkees,2,137
The Monroes,The Monroes,1,56
The Neighbourhood,The Neighbourhood,1,14
The Notorious B.I.G.,The Notorious B.I.G.,3,27
The Offspring,The Offspring,3,164
The Outcast Owl & Home,The Outcast Owl & Home,1,17
The Outfield,The Outfield,1,26
The Piano Guys,The Piano Guys,1,70
The Pogues,The Pogues,1,71
The Pointer Sisters,The Pointer Sisters,2,152
The Police,The Police,7,130
The Presets & Lifelike,The Presets & Lifelike,1,85
The Prince Karma,The Prince Karma,1,68
The Proclaimers,The Proclaimers,1,29
The Procussions,The Procussions,1,13
The Prodigy,The Prodigy,2,103
The Pussycat Dolls,The Pussycat Dolls,2,25
The Rapture,The Rapture,2,68
The Republic Tigers,The Republic Tigers,2,56
The Revivalists,The Revivalists,1,16
The Rolling Stones,The Rolling Stones,2,227
The Ronettes,The Ronettes,1,32
The Rubettes,The Rubettes,1,29
The Script,The Script,1,22
The Strokes,The Strokes,2,235
The Strumbellas,The Strumbellas,1,2
The Superman Lovers,The Superman Lovers,1,235
The Supremes,The Supremes,1,74
The Sweet,The Sweet,1,16
The Swiss,The Swiss,1,91
The Tee Set,The Tee Set,1,26
The Telephone Hour,The Telephone Hour,1,74
The Temptations,The Temptations,1,11
The Tokens,The Tokens,1,57
The Trammps,The Trammps,1,56
The Trashmen,The Trashmen,1,41
The Turtles,The Turtles,1,32
The Vapors,The Vapors,1,46
The Velvet Underground,The Velvet Underground,1,68
The Verve,The Verve,1,13
The Verve Pipe,The Verve Pipe,1,15
The Virgins,The Virgins,1,48
The Wanted,The Wanted,1,15
The Weather Girls,The Weather Girls,1,42
The Weeknd,The Weeknd,5,555
The Weeknd & Daft Punk,The Weeknd,2,171
The Weeknd & Ariana Grande,The Weeknd,1,90
The Whispers,The Whispers,2,58
The Whitest Boy Alive & Fred Falke,The Whitest Boy Alive & Fred Falke,1,64
The Who,The Who,3,63
The Yardbirds,The Yardbirds,1,22
The Zombies,The Zombies,1,29
Theo Rouhette,Theo Rouhette,2,35
Therapie Taxi,Therapie Taxi,4,489
They Might Be Giants,They Might Be Giants,1,46
Third Eye Blind,Third Eye Blind,1,15
Thoma Cher & Bon Entendeur,Thoma Cher & Bon Entendeur,1,68
Thomas,Thomas,1,7
Thomas Bangalter & Dj Falcon,Thomas Bangalter & Dj Falcon,4,209
Tiesto & KSHMR,Tiesto,1,108
Tiesto & Dzeko ft. Preme & Post Malone,Tiesto,1,86
Tiesto & Ty Dolla $ign,Tiesto,1,77
Tiesto,Tiesto,1,33
Tiga,Tiga,1,24
Tim Dup,Tim Dup,1,25
Timbaland,Timbaland,5,91
Tipling Rock,Tipling Rock,2,92
Tiron,Tiron,1,31
Tiësto & Mabel,Tiësto & Mabel,1,92
Tobtok,Tobtok,1,61
Todd Rundgren,Todd Rundgren,1,85
Toecutter & Flight Facilities,Toecutter & Flight Facilities,1,53
Tokio Hotel,Tokio Hotel,6,83
Tom Cochrane,Tom Cochrane,1,89
Tom Jones,Tom Jones,1,16
Tom Lehrer,Tom Lehrer,3,186
Tom Misch,Tom Misch,2,127
Tommy McCook and the Supersonics,Tommy McCook,1,22
Tommy Tutone,Tommy Tutone,1,75
Tomoko Aran,Tomoko Aran,2,83
Ton Song,Ton Song,1,18
Tones and I,Tones,1,70
Tong Song,Tong Song,1,18
Tony Igy,Tony Igy,3,304
Tony Stocker,Tony Stocker,1,99
Toonorth,Toonorth,1,91
Topic & Bebe Rexha,Topic & Bebe Rexha,1,102
Toploader,Toploader,1,63
Toro y Moi,Toro y Moi,1,15
Toshiki Kadomatsu,Toshiki Kadomatsu,3,228
Toto,Toto,3,172
Touchstone,Touchstone,1,38
Tourism,Tourism,1,18
Tove Lo & Oliver Nelson,Tove Lo,1,133
Tove Lo,Tove Lo,1,30
Towkio,Towkio,1,91
Toybox,Toybox,1,78
Tracy Chapman,Tracy Chapman,2,69
Trails and Ways,Trails,1,28
Train,Train,4,202
Trans-X,Trans-X,2,234
Travis Scott,Travis Scott,2,102
Trevor Daniel,Trevor Daniel,1,32
Trey Songz,Trey Songz,1,15
Trinidad Cardona DaVido Aisha,Trinidad Cardona DaVido Aisha,1,19
Trois Cafés Gourmands,Trois Cafés Gourmands,1,153
Tryo,Tryo,6,198
Tseba,Tseba,1,139
Tube and Berger,Tube,1,17
Tube & Berger,Tube & Berger,1,35
Tujamo,Tujamo,1,18
Twenty One Pilots,Twenty One Pilots,1,14
Twisted Sister,Twisted Sister,1,15
Two Door Cinema Club,Two Door Cinema Club,1,97
Two Door Cinema Club x WKND,Two Door Cinema Club,1,23
Tyga,Tyga,2,18
Tyla (Artist),Tyla (Artist),1,21
"Tyler, The Creator","Tyler, The Creator",2,60
U2,U2,5,164
UB40,UB40,1,20
Ultra Naté,Ultra Naté,1,29
Umberto Tozzi,Umberto Tozzi,2,77
Unknown,Unknown,3,68
Urge Overkill,Urge Overkill,1,49
Usher,Usher,1,46
Utah Saints,Utah Saints,1,157
V.H.,V.H.,1,52
VITAA,VITAA,1,29
Van Halen,Van Halen,1,13
Van McCoy,Van McCoy,1,49
Van Morrison,Van Morrison,1,37
Van She,Van She,2,157
Van She & Alan Braxe & Fred Falke,Van She,1,19
Vance Joy,Vance Joy,1,59
Vanessa Carlton,Vanessa Carlton,1,19
Vanessa Paradis,Vanessa Paradis,1,116
Vanilla Ice,Vanilla Ice,1,12
Vanity 6,Vanity 6,1,70
Vansire,Vansire,2,181
Vantage,Vantage,6,503
Various Artists,Various Artists,3,140
Vaudeville Smash,Vaudeville Smash,1,90
Vector Graphics,Vector Graphics,1,102
Vegedream,Vegedream,2,308
Vegedream & Ninho,Vegedream,1,106
Velvet Underground,Velvet Underground,2,362
Venetian Princess,Venetian Princess,1,12
Vengaboys,Vengaboys,2,88
Veorra,Veorra,1,118
Vianney,Vianney,1,113
Vicetone,Vicetone,1,73
Victor Deme & Synapson,Victor Deme & Synapson,1,32
Victor Le Masne - Topic,Victor Le Masne - Topic,1,13
Victoria Duffield,Victoria Duffield,1,103
Videoclub,Videoclub,3,342
Village People,Village People,2,64
Vince Dicola,Vince Dicola,1,153
Visitor & Alan Braxe,Visitor,1,418
Visitor,Visitor,1,134
Vitas,Vitas,1,50
Voyage,Voyage,2,26
Voyage (band),Voyage (band),1,62
VØJ & Narvent,VØJ & Narvent,1,10
W&W,W&W,1,41
WKND,WKND,1,24
Walk the Moon,Walk the Moon,1,54
Wallace Collection,Wallace Collection,1,13
Wallows,Wallows,3,39
Wallpaper.,Wallpaper.,1,66
Walter Murphy & Flight Facilities,Walter Murphy & Flight Facilities,1,45
Wang Chung,Wang Chung,1,35
Watermät,Watermät,1,105
Watsky,Watsky,2,108
Wax,Wax,1,19
Wax Audio,Wax Audio,2,224
Wax Tailor,Wax Tailor,2,49
Waze & Odyssey,Waze & Odyssey,1,127
Ween,Ween,1,76
Weezer & Weird Al Yankovic,Weezer,1,146
Weezer,Weezer,1,45
Weightlessness,Weightlessness,1,24
Weird Al Yankovich,Weird Al Yankovich,2,115
Weiss,Weiss,1,7
Wham!,Wham!,1,144
White Stripes,White Stripes,1,6
White Town,White Town,1,110
Whitesnake,Whitesnake,1,9
Whitney Wolanin,Whitney Wolanin,1,41
Will Smith,Will Smith,6,189
Willie Nelson,Willie Nelson,1,54
Wilson Pickett,Wilson Pickett,1,44
Wink,Wink,1,137
Winnie the Pooh,Winnie the Pooh,1,124
Wisin & Yandel,Wisin & Yandel,1,31
Wiz Khalifa,Wiz Khalifa,1,7
Wolfgang Amadeus Mozart,Wolfgang Amadeus Mozart,1,5
Wolfgang Gartner,Wolfgang Gartner,3,116
Worakis,Worakis,1,29
Wulf Morpheus,Wulf Morpheus,1,98
Wynter Gordon,Wynter Gordon,1,29
Wünsche,Wünsche,2,211
X Ambassadors,X Ambassadors,1,17
Xinobi,Xinobi,1,46
Yacht,Yacht,1,18
Yael Naïm,Yael Naïm,1,1
Yakosei Amuse,Yakosei Amuse,1,36
Yann Dulché and Fred Falke,Yann Dulché,1,107
Yannick,Yannick,1,38
Yannick Noah,Yannick Noah,1,25
Yeah Yeah Yeahs,Yeah Yeah Yeahs,1,18
Years & Years & Gryffin,Years & Years & Gryffin,1,24
Yeek,Yeek,1,62
Yelle,Yelle,2,80
Ylvis,Ylvis,1,15
Yolanda Be Cool & DCUP,Yolanda Be Cool & DCUP,1,16
Young Jeezy,Young Jeezy,1,25
Young the Giant,Young the Giant,1,106
Young-Holt Unlimited,Young-Holt Unlimited,1,13
Your Favorite Martian,Your Favorite Martian,13,174
Yung Bae,Yung Bae,3,432
Yung Bae & MACROSS 82-99,Yung Bae,1,21
Yurie Kokubu,Yurie Kokubu,1,119
Yves (artist),Yves (artist),1,42
Yves Duteil,Yves Duteil,1,20
ZZ Top,ZZ Top,1,82
Zager & Evans,Zager & Evans,1,63
Zai Kowen,Zai Kowen,1,65
Zane Alexander,Zane Alexander,1,12
Zazie,Zazie,2,41
Zazie et Axel Bauer,Zazie et Axel Bauer,1,21
Zedd,Zedd,1,35
Zedd & Alessia Cara,Zedd,1,31
Zeeky Beats,Zeeky Beats,1,43
Zimmer90,Zimmer90,1,20
Zoot Woman & Le Knight Club,Zoot Woman & Le Knight Club,1,82
a-ha,a-ha,1,39
classic.files,classic.files,1,36
deadmau5,deadmau5,2,83
lobsterdust,lobsterdust,1,24
nawhij,nawhij,6,245
the Fratellis,the Fratellis,1,27
yuugen & Brayan Rojitas,yuugen & Brayan Rojitas,1,32
憂鬱,憂鬱,2,25
